treeId,subzoneId,zone,latitude,longitude,species
156929,1A,1,40.73280677665748,-73.98832399042774,maidenhair tree
156568,1A,1,40.730105944397046,-73.98331952781521,Kentucky coffeetree
165314,1A,1,40.732795710239046,-73.98623358557403,American elm
164956,1A,1,40.73012919102371,-73.98566988042148,Thornless honeylocust
436306,1A,1,40.73144224983033,-73.98680353929527,London planetree
580307,1A,1,40.73143643338009,-73.98905212362817,Callery pear
580275,1A,1,40.73139038516751,-73.99022354445553,Japanese zelkova
580308,1A,1,40.731403190832545,-73.98897280086926,Callery pear
580309,1A,1,40.73137047614559,-73.98889474170575,Callery pear
589802,1A,1,40.73248567662702,-73.98927257300163,maidenhair tree
589787,1A,1,40.732517614909895,-73.98789605077664,Thornless honeylocust
589788,1A,1,40.73213718034475,-73.98816972301927,swamp white oak
589800,1A,1,40.732235756311574,-73.98867992708509,maidenhair tree
589709,1A,1,40.73157101844056,-73.98858118768227,Callery pear
1903247,1A,1,40.72894983121126,-73.98446963943636,pin oak
1856816,1A,1,40.730922263000224,-73.98782742836649,Thornless honeylocust
2117754,1A,1,40.73081593030775,-73.9888226544374,maidenhair tree
2128051,1A,1,40.73279197679695,-73.98738155874995,Callery pear
2123405,1A,1,40.73067433226743,-73.98523732493067,Japanese pagoda tree
2118042,1A,1,40.7307800419198,-73.98748712163227,maidenhair tree
2119525,1A,1,40.730023583492915,-73.98567740267025,Thornless honeylocust
2119523,1A,1,40.729852738986814,-73.98527343878797,Thornless honeylocust
2119545,1A,1,40.729690118291686,-73.98462856727171,Thornless honeylocust
2123415,1A,1,40.730167207786394,-73.98403674786026,Thornless honeylocust
2128069,1A,1,40.731547154945,-73.98328178651558,maidenhair tree
2114588,1A,1,40.73036630607753,-73.98313828287684,Japanese zelkova
2121046,1A,1,40.731575491417054,-73.98562638421619,American elm
2118101,1A,1,40.7305722352854,-73.98635373258142,maidenhair tree
2119517,1A,1,40.72961894359404,-73.98472063344244,Thornless honeylocust
2118069,1A,1,40.73086281478678,-73.9873946036035,Japanese pagoda tree
2128054,1A,1,40.73301993470409,-73.98676816829223,Japanese pagoda tree
2114585,1A,1,40.728977564495885,-73.984141041542,'Regent' Japanese pagodatree
2128073,1A,1,40.73100515537338,-73.98297182851857,Thornless honeylocust
2123384,1A,1,40.73016269268842,-73.9837669672024,Thornless honeylocust
2118097,1A,1,40.7312539245646,-73.98661357250248,maidenhair tree
2121045,1A,1,40.73148896969098,-73.98568912240772,American elm
2118066,1A,1,40.73065336416562,-73.98689706667132,maidenhair tree
2120464,1A,1,40.73178058567647,-73.98521898787158,Thornless honeylocust
2128058,1A,1,40.732676640945606,-73.98595312213774,Japanese pagoda tree
2123412,1A,1,40.730333097390336,-73.98442947242421,Thornless honeylocust
2119540,1A,1,40.72987280672015,-73.98506144151968,Thornless honeylocust
2116425,1A,1,40.73331838485303,-73.9892367555538,red maple
2116412,1A,1,40.733444032530656,-73.9877729647893,Thornless honeylocust
2111170,1A,1,40.7322344998367,-73.99001306424967,Thornless honeylocust
2116419,1A,1,40.73286198458611,-73.98816766243098,maidenhair tree
2118047,1A,1,40.73047661981863,-73.986768461332,maidenhair tree
2119544,1A,1,40.729724472882886,-73.98470996772139,Thornless honeylocust
2119549,1A,1,40.72953778821712,-73.98426762972024,Japanese pagoda tree
2128064,1A,1,40.73199873204576,-73.98434588075396,maidenhair tree
2128065,1A,1,40.73195393583109,-73.98424032114937,maidenhair tree
2118065,1A,1,40.73059754641336,-73.98676447441531,maidenhair tree
2121043,1A,1,40.73121474232249,-73.98588796133035,Thornless honeylocust
2123033,1A,1,40.73100148602083,-73.98266931331996,Thornless honeylocust
2116413,1A,1,40.73290306265243,-73.98761263826276,Japanese pagoda tree
2118100,1A,1,40.73063373594369,-73.98630905910228,maidenhair tree
2118043,1A,1,40.730727829462616,-73.98736345502391,maidenhair tree
2123404,1A,1,40.730707643092856,-73.98531618716441,Thornless honeylocust
2119548,1A,1,40.72958479302379,-73.98437900298373,Japanese pagoda tree
2114776,1A,1,40.730791826128964,-73.98326031302362,willow oak
2114660,1A,1,40.731142863432744,-73.98438576531326,silver linden
2118038,1A,1,40.731155649098696,-73.98837678265981,American basswood
2116408,1A,1,40.73386269004893,-73.98877434712072,sawtooth oak
2123409,1A,1,40.7304582138441,-73.98472567350142,Thornless honeylocust
2118070,1A,1,40.73090507666247,-73.98749499393296,maidenhair tree
2123392,1A,1,40.73096555563537,-73.98566953067927,London planetree
2119520,1A,1,40.72971230179597,-73.98494137720711,Thornless honeylocust
2128072,1A,1,40.731109534436946,-73.98289488165288,Green ash
2119541,1A,1,40.729805830571195,-73.98490274075426,Thornless honeylocust
2128040,1A,1,40.73207820521505,-73.98631122415753,Callery pear
2111184,1A,1,40.73300476024333,-73.98878889829629,pin oak
2128057,1A,1,40.732719587014955,-73.98605508221624,Japanese pagoda tree
2116905,1A,1,40.729847242219726,-73.98381763967534,Thornless honeylocust
2111167,1A,1,40.732559759359525,-73.98993224863206,Thornless honeylocust
2114586,1A,1,40.72888360153071,-73.98420994392133,'Regent' Japanese pagodatree
2120465,1A,1,40.73124639413113,-73.98560782515753,Callery pear
2123413,1A,1,40.73024995255307,-73.9842326367593,Thornless honeylocust
2119516,1A,1,40.72958506780036,-73.98464053566333,Thornless honeylocust
2123391,1A,1,40.730909103313735,-73.98553575129326,Thornless honeylocust
2119537,1A,1,40.73017453157572,-73.98577638059228,Thornless honeylocust
2128044,1A,1,40.73229447621242,-73.9868240169404,littleleaf linden
2114659,1A,1,40.7310126167496,-73.98407638586241,Japanese zelkova
2128061,1A,1,40.732437448981386,-73.98538524819266,Japanese pagoda tree
2118046,1A,1,40.73059143583683,-73.98704040416116,Japanese pagoda tree
2114677,1A,1,40.73001528024762,-73.98675892839165,sawtooth oak
2118096,1A,1,40.73137932217255,-73.98691246001717,Callery pear
2123387,1A,1,40.73063136561944,-73.98487757883531,Thornless honeylocust
2119529,1A,1,40.730225768037755,-73.98615547746458,Thornless honeylocust
2118094,1A,1,40.73147184583714,-73.98713299259664,London planetree
2118089,1A,1,40.73171786563174,-73.98771939803594,Callery pear
2128056,1A,1,40.732757878162694,-73.9861459932041,Japanese pagoda tree
2128066,1A,1,40.7319286633418,-73.98418076659661,maidenhair tree
2119547,1A,1,40.729637788347446,-73.98450457421401,Thornless honeylocust
2128071,1A,1,40.73122324916185,-73.98281105111164,Thornless honeylocust
2119527,1A,1,40.730090667209005,-73.98583602503133,Thornless honeylocust
2118099,1A,1,40.73070052149519,-73.98626054556878,maidenhair tree
2128076,1A,1,40.73083948965822,-73.98309395538988,Callery pear
2119542,1A,1,40.72977880060995,-73.98483869322388,Thornless honeylocust
2123410,1A,1,40.73041717483006,-73.98462851757354,littleleaf linden
2128039,1A,1,40.73204480068551,-73.98623201704612,Callery pear
2114773,1A,1,40.73096723646811,-73.98367786994227,Thornless honeylocust
2114583,1A,1,40.72917939392912,-73.9839930416779,'Regent' Japanese pagodatree
2119521,1A,1,40.729755380857355,-73.9850432343499,Thornless honeylocust
2123390,1A,1,40.73073135761829,-73.98511453264456,Thornless honeylocust
2119538,1A,1,40.73009197759898,-73.98558076582519,Thornless honeylocust
2128043,1A,1,40.73226080435029,-73.98674417793345,littleleaf linden
2116904,1A,1,40.72961888739907,-73.98398311092305,Thornless honeylocust
2119536,1A,1,40.730246433634726,-73.98594675724861,Japanese pagoda tree
2111168,1A,1,40.73249233421448,-73.98994900166811,Thornless honeylocust
2114587,1A,1,40.73027815998394,-73.98320877495196,Callery pear
2116410,1A,1,40.73352070387689,-73.9879526807199,Thornless honeylocust
2118045,1A,1,40.73063778932887,-73.98715018993958,maidenhair tree
2128060,1A,1,40.73248358614284,-73.98549478258214,Japanese pagoda tree
2118093,1A,1,40.731507105283264,-73.987217034805,Thornless honeylocust
2111185,1A,1,40.732953849921344,-73.98866922770077,maidenhair tree
2114658,1A,1,40.73088768440075,-73.983779635511,Callery pear
2128062,1A,1,40.73240939540801,-73.98531864385336,Japanese pagoda tree
2128075,1A,1,40.73088545475201,-73.98306007096427,Callery pear
2123418,1A,1,40.730086193600414,-73.98384495946095,Thornless honeylocust
2118095,1A,1,40.73144082754042,-73.98705906000018,London planetree
2123386,1A,1,40.73036986865191,-73.98425790639806,Japanese zelkova
2123389,1A,1,40.73069807181299,-73.98503565394074,Japanese zelkova
2119518,1A,1,40.72964521627228,-73.98478275739912,Thornless honeylocust
2119546,1A,1,40.729664419806866,-73.98456767520227,Thornless honeylocust
2123414,1A,1,40.73021504278617,-73.98414999050398,Thornless honeylocust
2117755,1A,1,40.73087475932434,-73.988779089263,maidenhair tree
2128038,1A,1,40.7319499056942,-73.98600702144972,sugar maple
2119528,1A,1,40.73012974441193,-73.98592842272996,Thornless honeylocust
2128055,1A,1,40.73285732990745,-73.98638210865437,Japanese pagoda tree
2118048,1A,1,40.73042174344258,-73.98663848371466,pin oak
2128050,1A,1,40.73270558968652,-73.98744461826713,Japanese zelkova
2128070,1A,1,40.731501020367375,-73.98317307755558,maidenhair tree
2118068,1A,1,40.73076287432147,-73.98715720014367,maidenhair tree
2030868,1A,1,40.73264412488008,-73.98794189878194,Thornless honeylocust
2118041,1A,1,40.73081680476334,-73.98757419519916,Thornless honeylocust
2120466,1A,1,40.73118509728676,-73.98565223806067,Callery pear
2123406,1A,1,40.73062769896517,-73.98512691883751,Thornless honeylocust
2119535,1A,1,40.73028025477005,-73.98602689633731,Thornless honeylocust
2128046,1A,1,40.732400945830314,-73.9870764688038,littleleaf linden
2128074,1A,1,40.73094099570268,-73.98301912715839,Callery pear
2121044,1A,1,40.7313406798941,-73.98579664550171,Thornless honeylocust
2118067,1A,1,40.73069988084358,-73.98700755976088,maidenhair tree
2116420,1A,1,40.73289304733578,-73.98824156554028,maidenhair tree
2114584,1A,1,40.7290883070384,-73.98405983459466,'Regent' Japanese pagodatree
2116411,1A,1,40.73347758436943,-73.98784934407735,Thornless honeylocust
2123385,1A,1,40.73030915377599,-73.98411403227034,littleleaf linden
2118098,1A,1,40.7311945395451,-73.98647202806603,Japanese pagoda tree
2111169,1A,1,40.732336446970024,-73.98998773517705,Thornless honeylocust
2119543,1A,1,40.72975216929947,-73.98477559201898,Thornless honeylocust
2119524,1A,1,40.7299136886117,-73.98541755347304,London planetree
2114771,1A,1,40.73113839924295,-73.9840853205229,littleleaf linden
2111186,1A,1,40.73290160109385,-73.98854640933506,Thornless honeylocust
2118044,1A,1,40.730676682459624,-73.9872423095738,Japanese pagoda tree
2128059,1A,1,40.732529323948256,-73.98560336930203,Japanese pagoda tree
2121515,1A,1,40.729938187639725,-73.9865626743478,Callery pear
2122364,1A,1,40.73057793374078,-73.98328457038765,Thornless honeylocust
2121512,1A,1,40.73020654304406,-73.98636407172489,Thornless honeylocust
2121493,1A,1,40.730805727374786,-73.98592896402275,Thornless honeylocust
2122144,1A,1,40.73151930548982,-73.98698527371553,London planetree
2122365,1A,1,40.730424968624995,-73.98339588853531,willow oak
2122139,1A,1,40.73117361411,-73.98616786843338,Japanese pagoda tree
2121516,1A,1,40.729843473715306,-73.98663276887665,Thornless honeylocust
2122145,1A,1,40.73157265140775,-73.98711141737755,London planetree
2122143,1A,1,40.731482495318836,-73.986898234143,London planetree
2122150,1A,1,40.732173715621215,-73.98783241284553,maidenhair tree
2121495,1A,1,40.730536562238846,-73.9861256648221,Japanese zelkova
2122146,1A,1,40.73163373255957,-73.98725585240048,London planetree
2122142,1A,1,40.731385937801285,-73.98666991506869,Japanese pagoda tree
2122152,1A,1,40.73241825204916,-73.98765470085173,Callery pear
2122151,1A,1,40.73232745118864,-73.98772068838001,London planetree
2121494,1A,1,40.730594617269205,-73.98608323867487,Japanese zelkova
2121514,1A,1,40.73006590719513,-73.98646815224647,Callery pear
2122147,1A,1,40.7318577871236,-73.9877856574537,Japanese zelkova
2143917,1A,1,40.73245480284394,-73.98946599975098,maidenhair tree
6161891,1A,1,40.73144351260629,-73.98836448351766,Unknown
3726438,1A,1,40.73238963767803,-73.98734113885143,goldenrain tree
3732876,1A,1,40.73207613506892,-73.98659680289744,Callery pear
3757467,1A,1,40.73211017139826,-73.9866776127403,Callery pear
3762796,1A,1,40.73204369451472,-73.98651977990647,'Not Green leaf' Japanese flowering cherry
4608542,1A,1,40.73204256844011,-73.98793618492682,pin oak
4608326,1A,1,40.73049364153327,-73.98302907924878,Japanese zelkova
4609683,1A,1,40.73187570556552,-73.98837450042298,Japanese pagoda tree
4610222,1A,1,40.731755988859774,-73.98845752201512,Japanese pagoda tree
4680804,1A,1,40.7321392942761,-73.98645606696626,Callery pear
5042233,1A,1,40.73077634332321,-73.98307576995985,Japanese zelkova
5244538,1A,1,40.730206318805195,-73.98383975799582,Kentucky coffeetree
5243336,1A,1,40.73251633309527,-73.98735006540338,pin oak
5244934,1A,1,40.73224907655467,-73.98897646528012,'Millstone' Japanese pagodatree
5242934,1A,1,40.73306906672653,-73.98894006003063,pin oak
5250132,1A,1,40.73132042310429,-73.98677182300197,'Regent' Japanese pagodatree
5247734,1A,1,40.72919060992598,-73.98429375490919,'Regent' Japanese pagodatree
5250533,1A,1,40.73327775702162,-73.98912982176229,London planetree
5787295,1A,1,40.73011710615233,-73.98390847525758,'Espresso' Kentucky coffee tree
5785969,1A,1,40.73113871138945,-73.98804999135577,'Greenspire' Littleleaf linden
5787933,1A,1,40.73109193203782,-73.9879388669384,'Green Vase' Zelkova
5780558,1A,1,40.73014332264509,-73.98396641098857,'Espresso' Kentucky coffee tree
6078238,1A,1,40.728895703139095,-73.98444591280989,Japanese zelkova
10196377,1A,1,40.73092769632736,-73.98358374437379,Hardy Rubber Tree
10196367,1A,1,40.73004637050787,-73.98547062407354,horse chestnut
10202004,1A,1,40.73045207048725,-73.9830756200461,pin oak
10202005,1A,1,40.731096648696614,-73.98862118546754,'Continental Appeal' American linden
10196366,1A,1,40.73001882424311,-73.98539097201473,Kentucky yellowwood
10651659,1A,1,40.73235020291039,-73.98895132042418,maidenhair tree
10202006,1A,1,40.732170547367424,-73.98852529626495,'Regent' Japanese pagodatree
10197193,1A,1,40.73028669292635,-73.98349880771066,Hardy Rubber Tree
10640581,1A,1,40.73236780722621,-73.98699789306079,'Sterling' Silver linden
11186239,1A,1,40.7312375861595,-73.98828487198074,'Redmond' American linden
11142607,1A,1,40.73302426094541,-73.98721199892313,'Sterling' Silver linden
11185840,1A,1,40.73294915338898,-73.98726682619079,'Regent' Japanese pagodatree
11142893,1A,1,40.731650409182365,-73.98821088313575,common hackberry
12734773,1A,1,40.73106646547683,-73.9842013955696,silver linden
11798274,1A,1,40.7315564289053,-73.98933844598206,swamp white oak
11798532,1A,1,40.73102415334985,-73.98777785959012,maidenhair tree
12725605,1A,1,40.731983428312766,-73.9860779084421,sugar maple
12733003,1A,1,40.730131251917946,-73.98353619887915,Japanese zelkova
11856802,1A,1,40.73029780404653,-73.9865552150152,Callery pear
11798273,1A,1,40.73152596681049,-73.98926575999717,swamp white oak
12725604,1A,1,40.73197322933393,-73.9860548753344,littleleaf linden
11798272,1A,1,40.73159179027249,-73.98942282620933,swamp white oak
12725603,1A,1,40.73199511333487,-73.98610466594485,sugar maple
13519405,1A,1,40.73176515341569,-73.98586206663637,Thornless honeylocust
13359146,1A,1,40.731998224114804,-73.98641182472676,red maple
13485476,1A,1,40.733777483414045,-73.98856187361307,Callery pear
13519404,1A,1,40.73173416586185,-73.98579363750969,Thornless honeylocust
13827544,1A,1,40.729779986887756,-73.98386887547971,'Princeton' American elm
13826743,1A,1,40.72992489264025,-73.9851823453431,'Imperial' Thornless honeylocust
13559089,1A,1,40.732048553716815,-73.98849491153518,Japanese pagoda tree
13827543,1A,1,40.731205425844735,-73.98820847374719,'Redmond' American linden
13587730,1A,1,40.731681811514214,-73.98763345814915,Japanese flowering cherry
13559088,1A,1,40.73210716981102,-73.9886403520538,Japanese pagoda tree
13765181,1A,1,40.73186033607214,-73.98579464871324,'Kwanzan' Flowering cherry
13584048,1A,1,40.73054082358743,-73.98492124918414,sweetgum
13868758,1A,1,40.72993875307707,-73.98681410726563,bur oak
13587729,1A,1,40.73241004684438,-73.98936733742222,maidenhair tree
13826744,1A,1,40.729699760782005,-73.98392783781276,'Princeton' American elm
13584049,1A,1,40.73140212554893,-73.98697963556249,Callery pear
13868757,1A,1,40.73016159555208,-73.9866534289973,bur oak
13587728,1A,1,40.732297389003726,-73.98909260148876,maidenhair tree
15320098,1A,1,40.731059583823914,-73.98389770440019,Hardy Rubber Tree
15208728,1A,1,40.73377004437518,-73.98974368800512,'New Horizon' Elm
15192625,1A,1,40.73402734829432,-73.98975452590264,'New Horizon' Elm
15208712,1A,1,40.73316813079825,-73.98887655572675,'New Horizon' Elm
15208739,1A,1,40.73087069622082,-73.98567786103702,'Sterling' Silver linden
15208843,1A,1,40.73191900312604,-73.98791541967283,'Sterling' Silver linden
15396586,1A,1,40.731504376746315,-73.9883170602021,Unknown
15208714,1A,1,40.7333845489976,-73.98937981533938,'New Horizon' Elm
15208731,1A,1,40.73372079703642,-73.98974828862139,'New Horizon' Elm
15208709,1A,1,40.73321698618099,-73.98900653176501,'New Horizon' Elm
15396585,1A,1,40.72998785996056,-73.98365912609357,Unknown
15347450,1A,1,40.729470895486905,-73.98402133165837,'Mushashino' Zelkova
15396583,1A,1,40.73117220105418,-73.98812954782456,Cherry
15347448,1A,1,40.73231775317182,-73.98715562782427,eastern redbud
15208734,1A,1,40.732207588356964,-73.98886854576355,Shumard's oak
15396584,1A,1,40.73171429830575,-73.98816443094569,Unknown
15936569,1A,1,40.730664252276654,-73.9849555118454,'Skyline' Thornless honeylocust
15880067,1A,1,40.730863955642,-73.98768587583702,maidenhair tree
15936549,1A,1,40.7318669722025,-73.98401984603409,chinkapin oak
15713904,1A,1,40.73265927735254,-73.98747842548757,Callery pear
15971272,1A,1,40.72996308583507,-73.98527535449317,Horsechestnut
16159636,1A,1,40.73124483487455,-73.98633626898936,Unknown
239376,1B,1,40.72888599074153,-73.98099391779974,Japanese pagoda tree
314188,1B,1,40.72967631499833,-73.9806157798631,Green ash
242646,1B,1,40.72919171058247,-73.9817201808034,Thornless honeylocust
457511,1B,1,40.729561343667854,-73.98035038470924,Green ash
231358,1B,1,40.7295882747105,-73.9806738214687,Green ash
308592,1B,1,40.72963752968784,-73.98052648799876,Green ash
205964,1B,1,40.7293929848435,-73.97994523610757,Japanese pagoda tree
164941,1B,1,40.729731204192134,-73.98272308433353,pin oak
482309,1B,1,40.72915042519687,-73.97936666307054,Callery pear
204025,1B,1,40.728945647148464,-73.9831165680411,Thornless honeylocust
179752,1B,1,40.72815235735545,-73.9812371760642,sawtooth oak
229783,1B,1,40.72866727050881,-73.98019113098837,Hardy Rubber Tree
460310,1B,1,40.72952188721607,-73.98025667724946,Green ash
243046,1B,1,40.72930850189975,-73.98200124501348,Cherry
461110,1B,1,40.72959760448293,-73.98042940918992,Green ash
965081,1B,1,40.72986459478886,-73.9792880543977,Japanese pagoda tree
1178907,1B,1,40.7291200247115,-73.97929960299984,Callery pear
2114475,1B,1,40.72810814779316,-73.98214263045107,Thornless honeylocust
2114572,1B,1,40.72847380929037,-73.98200270845112,Thornless honeylocust
2114449,1B,1,40.72833655104047,-73.98168445504092,Thornless honeylocust
2114549,1B,1,40.729529402422614,-73.9822648315917,pin oak
2114442,1B,1,40.727936761739635,-73.98073407612046,American basswood
2114552,1B,1,40.729797376471005,-73.98290081698254,littleleaf linden
2114573,1B,1,40.728553189420836,-73.98219073282874,Thornless honeylocust
2114476,1B,1,40.72800725332364,-73.98221593381056,Thornless honeylocust
2114448,1B,1,40.72828714327105,-73.98156699870844,Japanese pagoda tree
2114453,1B,1,40.72792502963966,-73.97904476115588,maidenhair tree
2114548,1B,1,40.72948072748912,-73.98214931411086,littleleaf linden
2114437,1B,1,40.72755130961922,-73.97981780607903,Thornless honeylocust
2114452,1B,1,40.727861731408346,-73.9790911238027,Japanese zelkova
2114441,1B,1,40.72790807218026,-73.98066587588467,American basswood
2114440,1B,1,40.72785175581681,-73.98053200310531,pin oak
2114447,1B,1,40.72823826573583,-73.98144059310796,Callery pear
2114574,1B,1,40.728719008741535,-73.98258349968035,Japanese pagoda tree
2114451,1B,1,40.72770156752946,-73.97920843547902,Kentucky coffeetree
2114547,1B,1,40.729449873638366,-73.98207609031893,Japanese pagoda tree
2114554,1B,1,40.729926508567544,-73.98320729029096,'Green leaf' Japanese flowering cherry
2114439,1B,1,40.72775426325691,-73.98030025060042,American basswood
2114446,1B,1,40.728181151071816,-73.98131503712563,sawtooth oak
2114436,1B,1,40.727487287133435,-73.97966562077498,London planetree
2114575,1B,1,40.72877148490693,-73.98270779766658,Callery pear
2114474,1B,1,40.72832675031044,-73.98198380323902,Callery pear
2114543,1B,1,40.729272728945446,-73.98165568146645,London planetree
1957659,1B,1,40.72920955032976,-73.97827666102135,Thornless honeylocust
2114550,1B,1,40.72956132013325,-73.98234058166446,London planetree
2114443,1B,1,40.72797607652963,-73.98082753362684,silver linden
2114450,1B,1,40.727632035452906,-73.97925936230581,Callery pear
2123421,1B,1,40.72907718343972,-73.98317234410816,pin oak
2114736,1B,1,40.7282462482981,-73.98120376528313,Amur maackia
2114617,1B,1,40.729815285203266,-73.98320231588657,Kentucky coffeetree
2114649,1B,1,40.729761085380424,-73.98109231414907,Japanese zelkova
2114682,1B,1,40.72819409499845,-73.97935687863641,Thornless honeylocust
2114740,1B,1,40.72803797236692,-73.98071034250029,Callery pear
2122947,1B,1,40.728895739428154,-73.97876657553768,pin oak
2114704,1B,1,40.729537498033075,-73.98110197650733,black oak
2114685,1B,1,40.728348001246836,-73.97972243497478,Kentucky coffeetree
2114639,1B,1,40.730327100901015,-73.98244715198179,Japanese pagoda tree
2128090,1B,1,40.729777106281006,-73.98070002739388,Thornless honeylocust
2122972,1B,1,40.728230632811886,-73.9788213829636,maidenhair tree
2122943,1B,1,40.72928408891924,-73.97968735286787,Thornless honeylocust
2114611,1B,1,40.72960660469776,-73.98270670224548,pin oak
2114743,1B,1,40.727751771987755,-73.98001255609222,Thornless honeylocust
2114689,1B,1,40.72848143861722,-73.98003937764669,littleleaf linden
2128094,1B,1,40.730054064067694,-73.98049948082684,Thornless honeylocust
2128080,1B,1,40.7307149033543,-73.98130271755257,sweetgum
2114730,1B,1,40.72925491835383,-73.98107974244915,English oak
2114693,1B,1,40.72865049471768,-73.98044092326018,northern red oak
2122977,1B,1,40.72857716436544,-73.9785700133061,maidenhair tree
2114698,1B,1,40.72891258172736,-73.98106345173346,Hardy Rubber Tree
2114703,1B,1,40.72961576966682,-73.98104498086809,black oak
2114580,1B,1,40.72904771346642,-73.98336209753894,Callery pear
2114708,1B,1,40.72930652230173,-73.98127016681667,black oak
2114618,1B,1,40.72985010931587,-73.9832850235608,London planetree
2114688,1B,1,40.72844741419326,-73.97995856281175,Chinese elm
2123425,1B,1,40.72858710691959,-73.98200887383953,Thornless honeylocust
2114582,1B,1,40.72923577158162,-73.98380755562867,Thornless honeylocust
2122969,1B,1,40.72834813460431,-73.97889261161787,Thornless honeylocust
2110044,1B,1,40.72714236601168,-73.97978163499499,Japanese pagoda tree
2114638,1B,1,40.73035511046508,-73.9825141987929,Thornless honeylocust
2122942,1B,1,40.72930724546005,-73.97974225939922,Thornless honeylocust
2114610,1B,1,40.7295513100975,-73.98257538051729,pin oak
2114644,1B,1,40.73007633333171,-73.98184689669321,Thornless honeylocust
2114646,1B,1,40.72994579568806,-73.98153443707118,Thornless honeylocust
2128093,1B,1,40.7299771311312,-73.98055518870795,Thornless honeylocust
2128088,1B,1,40.72994656643018,-73.98080317746488,littleleaf linden
2114642,1B,1,40.73016511887725,-73.98205942101444,Japanese pagoda tree
2114729,1B,1,40.72920254207624,-73.98111777019781,black locust
2114707,1B,1,40.72936078426294,-73.98123065554213,Shumard's oak
2114694,1B,1,40.72868265733855,-73.98051731857475,northern red oak
2122976,1B,1,40.72850290756997,-73.97862387898971,maidenhair tree
2114737,1B,1,40.72819218135448,-73.98107567702549,Japanese zelkova
2114747,1B,1,40.7275916784873,-73.97962505591038,Green ash
2128081,1B,1,40.73068693724572,-73.98123646240602,sweetgum
2114614,1B,1,40.72969884917011,-73.98292578222336,pin oak
2114692,1B,1,40.72858935854,-73.9802957102108,maidenhair tree
2114619,1B,1,40.72989157909937,-73.98338351421651,Japanese pagoda tree
2128085,1B,1,40.73022020284231,-73.98060368790074,maidenhair tree
2114637,1B,1,40.73042592732312,-73.98268371274393,littleleaf linden
2110043,1B,1,40.72702197042877,-73.97986822463918,Japanese pagoda tree
2114581,1B,1,40.72918329660671,-73.98368325591038,London planetree
2114738,1B,1,40.728158622194336,-73.98099617428102,Chinese elm
2114745,1B,1,40.72765663144541,-73.97978084832869,pin oak
2128092,1B,1,40.72994371381423,-73.98057938682794,Thornless honeylocust
2114684,1B,1,40.728323898159545,-73.97966335704511,Thornless honeylocust
2114734,1B,1,40.72833413716755,-73.98141198815529,littleleaf linden
2114612,1B,1,40.729637972407296,-73.98278120121515,pin oak
2114732,1B,1,40.72950575438093,-73.98089762561709,maidenhair tree
2114609,1B,1,40.72915095346807,-73.98162457017565,pin oak
2114695,1B,1,40.72872545208585,-73.98061896841713,Thornless honeylocust
2122975,1B,1,40.72843249574937,-73.97867495389504,maidenhair tree
2114645,1B,1,40.729985431980374,-73.98162931319634,Thornless honeylocust
2114647,1B,1,40.72988633910104,-73.9813921219682,Kentucky coffeetree
2114746,1B,1,40.7276321984094,-73.97971508586518,Green ash
2122940,1B,1,40.72946109142844,-73.98010704025657,Thornless honeylocust
2122945,1B,1,40.72901485409455,-73.9790489923679,Thornless honeylocust
2114706,1B,1,40.729427051944,-73.98118240032633,white oak
2114680,1B,1,40.72811833706438,-73.97917694313372,Kentucky coffeetree
2122970,1B,1,40.72828273458953,-73.97893994426155,Cornelian cherry
2114578,1B,1,40.72891346224287,-73.98304409639832,Thornless honeylocust
2128077,1B,1,40.73114037614276,-73.98231074184164,Thornless honeylocust
2114615,1B,1,40.72971905252938,-73.98297376500284,northern red oak
2114735,1B,1,40.72828326761219,-73.98129147166729,Kentucky yellowwood
2128091,1B,1,40.72991221872986,-73.9806021914984,Thornless honeylocust
2114635,1B,1,40.730494364867305,-73.98284753588585,'Not Green leaf' Japanese flowering cherry
2114616,1B,1,40.72974218120079,-73.98302869333665,pin oak
2114681,1B,1,40.72816166445011,-73.97927985388091,Thornless honeylocust
2114613,1B,1,40.72966508819584,-73.98284559953944,pin oak
2114739,1B,1,40.72811840718901,-73.98090089615363,Callery pear
2114727,1B,1,40.72877304111847,-73.98143164739115,London planetree
2114648,1B,1,40.72980865061821,-73.98120616518193,Japanese zelkova
2122941,1B,1,40.72933306377926,-73.97980347697603,Thornless honeylocust
2114640,1B,1,40.73026156872208,-73.98229028799302,Thornless honeylocust
2114690,1B,1,40.7285223305934,-73.98012682246258,Thornless honeylocust
2114696,1B,1,40.7288014737638,-73.98079953927537,Thornless honeylocust
2114705,1B,1,40.72947363061796,-73.9811484828046,black oak
2114731,1B,1,40.729396674319005,-73.98097682186031,Japanese zelkova
2114744,1B,1,40.72768464138281,-73.97986070331477,pin oak
2122971,1B,1,40.7281751195128,-73.97886165134719,maidenhair tree
2128079,1B,1,40.73076151230651,-73.98141314141738,sweetgum
2114636,1B,1,40.730456579523505,-73.9827570860243,littleleaf linden
2114577,1B,1,40.72887936674419,-73.98296333289255,Thornless honeylocust
2122944,1B,1,40.72923378160368,-73.97956807381223,Thornless honeylocust
2114742,1B,1,40.72793990984755,-73.98048071043618,swamp white oak
2122356,1B,1,40.730126063269005,-73.98169591495952,Thornless honeylocust
2121541,1B,1,40.72903655320473,-73.98109828730053,Green ash
2121508,1B,1,40.72893865533016,-73.97915740570326,northern red oak
2122007,1B,1,40.729060218672494,-73.97838414164835,Thornless honeylocust
2121537,1B,1,40.728862488209494,-73.98068471167929,maidenhair tree
2121504,1B,1,40.729182373616574,-73.97973391620334,Green ash
2121533,1B,1,40.728595142463746,-73.98004951589256,pin oak
2121525,1B,1,40.727601490024696,-73.9794426735022,Green ash
2121507,1B,1,40.728976253392,-73.97924634367074,pin oak
2121524,1B,1,40.72766185160185,-73.97939682190116,Green ash
2122355,1B,1,40.72993069161548,-73.98123432859661,American elm
2121540,1B,1,40.72899934836213,-73.98100988779596,Turkish hazelnut
2121497,1B,1,40.72948954931474,-73.9804605535737,pin oak
2121895,1B,1,40.72803735113444,-73.98196493137121,maidenhair tree
2121534,1B,1,40.728618262813654,-73.98010444830116,Thornless honeylocust
2122360,1B,1,40.730246568625255,-73.98198062172324,Thornless honeylocust
2121937,1B,1,40.72695082362289,-73.97975164597717,Thornless honeylocust
2121501,1B,1,40.72933089589412,-73.98008524973218,Green ash
2122361,1B,1,40.73026605100245,-73.9820266549331,Thornless honeylocust
2121511,1B,1,40.728763998464466,-73.97874426364541,goldenrain tree
2121528,1B,1,40.72838160863624,-73.97954218394463,pin oak
2121523,1B,1,40.727709143610106,-73.9793608983889,Kentucky coffeetree
2121894,1B,1,40.728149895408684,-73.98188193401192,Callery pear
2121530,1B,1,40.72848658184178,-73.97979158811344,Japanese zelkova
2121502,1B,1,40.72929809805852,-73.98000766642772,pin oak
2122005,1B,1,40.72893360157582,-73.97847682158849,Thornless honeylocust
2122359,1B,1,40.73020626639526,-73.98188540468527,Thornless honeylocust
2122354,1B,1,40.72987784437841,-73.98110947422089,American elm
2121506,1B,1,40.7290634478159,-73.97945259933212,pin oak
2121538,1B,1,40.728921883152076,-73.98082583333685,Thornless honeylocust
2121893,1B,1,40.728257575679265,-73.98180251862222,maidenhair tree
2121527,1B,1,40.72833550009178,-73.97943263560359,Thornless honeylocust
2121505,1B,1,40.72910957856176,-73.97956171967195,pin oak
2121522,1B,1,40.727820600962254,-73.97927623245585,Japanese zelkova
2121510,1B,1,40.72879706316823,-73.97882247777521,goldenrain tree
2122362,1B,1,40.73053054626524,-73.98265156816649,Japanese zelkova
2121498,1B,1,40.729412755535286,-73.9802788930394,Hardy Rubber Tree
2122010,1B,1,40.7290933878216,-73.97819265141153,Thornless honeylocust
2122006,1B,1,40.7290100994501,-73.97842082818913,Thornless honeylocust
2122358,1B,1,40.73017984286151,-73.98182297545306,Thornless honeylocust
2122353,1B,1,40.72983740871072,-73.98101394181694,American elm
2121503,1B,1,40.72925836794621,-73.97991368300745,littleleaf linden
2121520,1B,1,40.728010006045515,-73.97913235468862,Thornless honeylocust
2122009,1B,1,40.728923451016634,-73.97831774737774,Japanese pagoda tree
2121499,1B,1,40.72938582484369,-73.98021518673787,Green ash
2121532,1B,1,40.728557671377764,-73.9799604877426,pin oak
2122363,1B,1,40.7305689790495,-73.9827423726981,Japanese zelkova
2121521,1B,1,40.72791803675764,-73.97920221711527,Thornless honeylocust
2147138,1B,1,40.72964082959399,-73.97875681510914,Thornless honeylocust
2121509,1B,1,40.728905857439564,-73.97907982406362,Thornless honeylocust
2121896,1B,1,40.72797271901005,-73.98201259656321,Green ash
2122357,1B,1,40.730153153868066,-73.98175991868669,Thornless honeylocust
3735102,1B,1,40.72894090490557,-73.98153623916295,black oak
3741386,1B,1,40.72862253643755,-73.98176807304446,Thornless honeylocust
3736105,1B,1,40.7287190543515,-73.98169778898252,Thornless honeylocust
3754790,1B,1,40.72887175655767,-73.98158659388437,Thornless honeylocust
4599704,1B,1,40.726951230873944,-73.97975228400261,Thornless honeylocust
4599688,1B,1,40.72701614934342,-73.97971233218475,Thornless honeylocust
5243736,1B,1,40.729857221136264,-73.98304284900702,'Valley Forge' American Elm
5354540,1B,1,40.72965943452901,-73.98257492754621,pin oak
6460467,1B,1,40.72896579394948,-73.98091097297416,Thornless honeylocust
10197176,1B,1,40.728793021038186,-73.98275797198534,'Sterling' Silver linden
10203058,1B,1,40.73013355124533,-73.9806668590843,'Sterling' Silver linden
10164546,1B,1,40.728866603504976,-73.9783593129114,'Millstone' Japanese pagodatree
10165823,1B,1,40.728456021084604,-73.97971897751957,'Green Vase' Zelkova
10162570,1B,1,40.72724157069088,-73.9797102844605,'Millstone' Japanese pagodatree
10604545,1B,1,40.728821527285824,-73.98251687124191,Kentucky coffeetree
10164131,1B,1,40.727902960720165,-73.98037227869408,'Harvest Gold' Mongolian linden
10202523,1B,1,40.73000201289355,-73.98076275404951,'Sterling' Silver linden
10164545,1B,1,40.72836743004032,-73.98149086149803,'Sterling' Silver linden
10202002,1B,1,40.730110685442504,-73.98192912228214,'Espresso' Kentucky coffee tree
10197211,1B,1,40.728773784673386,-73.9824050941092,Kentucky coffeetree
10162571,1B,1,40.72723059455568,-73.97954885041167,'Millstone' Japanese pagodatree
10164544,1B,1,40.72798400339612,-73.98057308927619,'Sterling' Silver linden
10196376,1B,1,40.72915183836251,-73.9833009552757,horse chestnut
10197210,1B,1,40.72894551983599,-73.98284327795284,Kentucky coffeetree
10196368,1B,1,40.728991028647755,-73.98296780384823,'Exclamation' London planetree
11537805,1B,1,40.72873346658959,-73.980378162428,'Sterling' Silver linden
11537342,1B,1,40.728296965053275,-73.97934108288861,'Espresso' Kentucky coffee tree
11142892,1B,1,40.72920929185601,-73.98150513045519,pin oak
11537803,1B,1,40.727791296746396,-73.98010655930598,pin oak
10561774,1B,1,40.7290370302749,-73.98307701748702,'Exclamation' London planetree
12689363,1B,1,40.73012246928727,-73.97993807551796,'Skyline' Thornless honeylocust
12745417,1B,1,40.729035072459844,-73.97939971896726,Japanese pagoda tree
12776283,1B,1,40.73016090394435,-73.98002732645223,'Skyline' Thornless honeylocust
12745418,1B,1,40.72900693313318,-73.9793175557177,Japanese pagoda tree
12751322,1B,1,40.7283555951426,-73.97873073768326,maidenhair tree
11804989,1B,1,40.728897654576016,-73.98272372288066,American basswood
11804988,1B,1,40.72862804529677,-73.98209176864627,Thornless honeylocust
11806288,1B,1,40.72807104138272,-73.98103647849769,American basswood
11806289,1B,1,40.72812792732855,-73.98118472299562,American basswood
13583116,1B,1,40.72823753272043,-73.97945734367357,'Espresso' Kentucky coffee tree
13868743,1B,1,40.729462715972566,-73.98235577361766,'Exclamation' London planetree
14040364,1B,1,40.72940385848541,-73.98196688346302,'New Horizon' Elm
13583118,1B,1,40.72837407890927,-73.97977555089999,littleleaf linden
13583117,1B,1,40.728282079406725,-73.9795658580612,'Espresso' Kentucky coffee tree
14041170,1B,1,40.72975242607273,-73.98279413510812,pin oak
13583115,1B,1,40.72839374429231,-73.97982643937138,Kentucky coffeetree
13827545,1B,1,40.72915592291767,-73.97814956685347,'Patriot' Elm
15389718,1B,1,40.72761586163197,-73.97997125279426,Unknown
15192624,1B,1,40.73000789435202,-73.98140474711047,bur oak
15208702,1B,1,40.730080166637066,-73.98157202083596,Shumard's oak
15396587,1B,1,40.728875731786715,-73.97869799580539,Unknown
15208846,1B,1,40.729954968360275,-73.98327483527058,'Bloodgood' London planetree
15763356,1B,1,40.72936475916708,-73.98187409146296,bur oak
16293532,1B,1,40.72952314657414,-73.98054002906154,sawtooth oak
17042540,1B,1,40.72802867365729,-73.98095256618917,bald cypress
133257,1C,1,40.72756227294511,-73.97785631106895,Thornless honeylocust
2114523,1C,1,40.7276007685489,-73.97794775970426,Thornless honeylocust
2114401,1C,1,40.72732858815906,-73.97928379149229,Thornless honeylocust
2114527,1C,1,40.72733249769221,-73.97731159956291,Thornless honeylocust
2114418,1C,1,40.726549727181826,-73.97744139829565,Callery pear
1441884,1C,1,40.7286252442841,-73.97812496817222,swamp white oak
2114526,1C,1,40.72738253275995,-73.9774302474781,'Green leaf' Japanese flowering cherry
2114410,1C,1,40.72689156608769,-73.97825000254902,Japanese pagoda tree
2114493,1C,1,40.72683298990149,-73.97668836059579,sycamore maple
2114519,1C,1,40.72778626767879,-73.97838764719764,American basswood
2114397,1C,1,40.72636120002608,-73.97728960950438,Thornless honeylocust
2114414,1C,1,40.726692450602584,-73.97777403563707,Thornless honeylocust
2114491,1C,1,40.72660234461065,-73.9768558361825,Thornless honeylocust
1441893,1C,1,40.72844935728737,-73.97799502094527,Kentucky coffeetree
2114524,1C,1,40.727525450683,-73.97776915392829,Thornless honeylocust
2114419,1C,1,40.726515596296906,-73.97736066458448,Callery pear
2114405,1C,1,40.727147008479186,-73.97885425275483,Callery pear
2114520,1C,1,40.72774368608801,-73.97828666762219,American basswood
1441885,1C,1,40.728488898442194,-73.97780478467703,Green ash
2114415,1C,1,40.72665078539035,-73.97768044571937,Callery pear
2114409,1C,1,40.72695049366734,-73.97838939523797,maidenhair tree
1441892,1C,1,40.72842259300784,-73.97793201923868,Thornless honeylocust
2114398,1C,1,40.726273087670954,-73.97735377851124,Thornless honeylocust
2114413,1C,1,40.7267595771004,-73.97793778636658,Japanese pagoda tree
1441882,1C,1,40.72868503793537,-73.97826538410756,willow oak
2114408,1C,1,40.72706232248277,-73.9786591837872,Callery pear
2114525,1C,1,40.727415268877365,-73.97750787390781,London planetree
1441886,1C,1,40.72844090290035,-73.97769207498709,Green ash
1441891,1C,1,40.728370134713664,-73.97780853519866,Thornless honeylocust
2114570,1C,1,40.72670749742874,-73.97703884859712,Kentucky coffeetree
2114416,1C,1,40.726617189002894,-73.97760097359452,Callery pear
2114521,1C,1,40.727709353819044,-73.97820525410341,Kentucky coffeetree
2114412,1C,1,40.72679130826463,-73.97801284427618,Japanese pagoda tree
2114522,1C,1,40.72765080295946,-73.9780664093264,Thornless honeylocust
1441883,1C,1,40.72865648151153,-73.97819832515573,willow oak
2114528,1C,1,40.727276874296514,-73.97717969836013,Thornless honeylocust
2114518,1C,1,40.72782086411941,-73.9784696929632,Kentucky coffeetree
1441887,1C,1,40.72834707569069,-73.97743086038048,London planetree
2114417,1C,1,40.726583325395204,-73.97752087025904,Callery pear
2114399,1C,1,40.726127353899216,-73.97745991282692,Thornless honeylocust
2114404,1C,1,40.72718220465619,-73.97893751245336,Thornless honeylocust
2114411,1C,1,40.72683503764884,-73.97811628575472,Japanese pagoda tree
2114571,1C,1,40.72666232583836,-73.9770716358743,Kentucky coffeetree
2114400,1C,1,40.72736325200179,-73.97936578903276,Thornless honeylocust
2114494,1C,1,40.727484887535866,-73.97619477537776,sweetgum
2123525,1C,1,40.727606556728574,-73.9777081262736,Norway maple
2123529,1C,1,40.727407484722264,-73.9772377045624,Thornless honeylocust
2114711,1C,1,40.72671913788253,-73.97758059829897,Thornless honeylocust
2114715,1C,1,40.72693498358084,-73.97809324574429,Chinese elm
2123521,1C,1,40.72804859136294,-73.97875271274636,maidenhair tree
2123526,1C,1,40.7275598572982,-73.97759777264469,Thornless honeylocust
2114721,1C,1,40.72721094186909,-73.97874867511366,Thornless honeylocust
2114709,1C,1,40.726619188562694,-73.97734321604817,Japanese pagoda tree
2114714,1C,1,40.72685762982961,-73.97790952505028,Callery pear
2123522,1C,1,40.72801003184549,-73.9786615915276,maidenhair tree
2114722,1C,1,40.72727340893586,-73.9788970417596,pin oak
2123527,1C,1,40.72751022351886,-73.97748048314352,Japanese pagoda tree
2114718,1C,1,40.72707826007042,-73.97843353876856,Callery pear
2123523,1C,1,40.72788167903905,-73.97835827150433,Thornless honeylocust
2123520,1C,1,40.728085148554655,-73.97883910675958,Thornless honeylocust
2114710,1C,1,40.72667793542832,-73.97748274121982,Thornless honeylocust
2114723,1C,1,40.727340924914394,-73.97905740497245,European hornbeam
2114712,1C,1,40.726777352990574,-73.97771886130137,Callery pear
2123528,1C,1,40.72745898833951,-73.97735940903257,Japanese zelkova
2123530,1C,1,40.72731248527522,-73.97701321476094,Thornless honeylocust
2114716,1C,1,40.72696688232059,-73.97816900590998,goldenrain tree
2123524,1C,1,40.72779228417164,-73.9781470216273,Thornless honeylocust
2114719,1C,1,40.72713487862836,-73.9785680147059,Callery pear
2122020,1C,1,40.72868315839197,-73.97648734208914,littleleaf linden
2122228,1C,1,40.725095992934804,-73.97488905947426,Thornless honeylocust
2122240,1C,1,40.72714611432002,-73.97460524929762,English oak
2122245,1C,1,40.72797546966539,-73.97587520342368,Thornless honeylocust
2122250,1C,1,40.72751543337278,-73.97645124248538,Japanese pagoda tree
2122017,1C,1,40.728888774267254,-73.97697363079264,goldenrain tree
2122236,1C,1,40.72749015908124,-73.97542132965258,Thornless honeylocust
2121989,1C,1,40.726536510951746,-73.97510380913681,Kentucky coffeetree
2122227,1C,1,40.72501433447064,-73.9749484386494,Thornless honeylocust
2122021,1C,1,40.728629154326974,-73.97635962060117,littleleaf linden
2122232,1C,1,40.72575022288095,-73.9744133191897,pin oak
2122231,1C,1,40.72556120647938,-73.97455076761248,northern red oak
2122244,1C,1,40.72785544781617,-73.9759602120686,Thornless honeylocust
2122251,1C,1,40.727452112153905,-73.97649755019354,pin oak
2122252,1C,1,40.727348495312384,-73.97657332475009,American basswood
2121990,1C,1,40.72650826000361,-73.97503529539918,Kentucky coffeetree
2122226,1C,1,40.72495044776059,-73.97499489433012,maidenhair tree
2122022,1C,1,40.7285820834407,-73.97624829745769,littleleaf linden
2122248,1C,1,40.728192952194895,-73.9757149725638,Thornless honeylocust
2122243,1C,1,40.72689200290331,-73.97400250312165,pin oak
2122233,1C,1,40.72603266573664,-73.97420793022191,pin oak
2122230,1C,1,40.725296537037714,-73.97474322943864,Callery pear
2121983,1C,1,40.725664906658274,-73.9760342467002,Thornless honeylocust
2122247,1C,1,40.72812328951094,-73.97576559076818,Thornless honeylocust
2122015,1C,1,40.729027450130566,-73.97730161080362,pin oak
2121991,1C,1,40.72646418400289,-73.97492840202972,Kentucky coffeetree
2122238,1C,1,40.72739077749956,-73.97518559455264,pin oak
2122249,1C,1,40.72759146717926,-73.9763956382256,Japanese pagoda tree
2122242,1C,1,40.72695546354355,-73.97415303197847,maidenhair tree
2122246,1C,1,40.7279111479685,-73.97591594181644,Thornless honeylocust
2122019,1C,1,40.72876076481477,-73.97667088191879,littleleaf linden
2121992,1C,1,40.726430569828274,-73.97484688254426,Kentucky coffeetree
2122014,1C,1,40.72908358646894,-73.97743437982233,Thornless honeylocust
2122229,1C,1,40.7251983063843,-73.97481465932886,Thornless honeylocust
2121987,1C,1,40.72620228295684,-73.97563802806408,Norway maple
2122241,1C,1,40.727041010370165,-73.97435594555293,Callery pear
2122234,1C,1,40.727694905619224,-73.97590700685537,Norway maple
2149042,1C,1,40.727537945487086,-73.97583015805418,maidenhair tree
2149054,1C,1,40.726850413754164,-73.97420171856024,maidenhair tree
2149049,1C,1,40.72719058674377,-73.97500741812453,maidenhair tree
2149044,1C,1,40.72745137209999,-73.97562510374749,maidenhair tree
2149050,1C,1,40.72714663369983,-73.97490331375853,Thornless honeylocust
2149047,1C,1,40.72730885986813,-73.97528755208673,maidenhair tree
2144738,1C,1,40.72456356237182,-73.97392334951772,maidenhair tree
2149051,1C,1,40.72707231293564,-73.97472728365338,Callery pear
2149041,1C,1,40.72757736945952,-73.97592353765617,Thornless honeylocust
2149052,1C,1,40.72701530607686,-73.97459226405155,Callery pear
2144736,1C,1,40.7246685587305,-73.97397493135789,London planetree
2144729,1C,1,40.724731906553856,-73.97436219391722,London planetree
2149040,1C,1,40.72761705995758,-73.97601754866336,Thornless honeylocust
2144731,1C,1,40.724722558312514,-73.97425175779848,London planetree
2149053,1C,1,40.72696176270287,-73.97446544684144,Thornless honeylocust
2149048,1C,1,40.72723720404223,-73.97511783024206,London planetree
2149043,1C,1,40.72749452582367,-73.97572731518795,maidenhair tree
2149045,1C,1,40.727409551306366,-73.97552604663844,London planetree
2144730,1C,1,40.72481224555381,-73.97432603695731,Japanese pagoda tree
3344617,1C,1,40.726537921296604,-73.97328807190767,London planetree
3364932,1C,1,40.72635328491372,-73.97284550659509,London planetree
3639139,1C,1,40.72638931474324,-73.9729318690783,London planetree
4599275,1C,1,40.72459199880015,-73.97380820351276,maidenhair tree
4599940,1C,1,40.729185592595755,-73.97767563465163,Thornless honeylocust
4599302,1C,1,40.72455209625886,-73.97383562029057,maidenhair tree
4599951,1C,1,40.72673503902859,-73.97786357850518,Callery pear
4609988,1C,1,40.724509812340514,-73.97386930347824,Japanese pagoda tree
5422585,1C,1,40.72611314485882,-73.97717945270689,London planetree
5422586,1C,1,40.72606164204887,-73.9772183398006,London planetree
5783411,1C,1,40.72604728110259,-73.97575046060186,eastern redbud
5779105,1C,1,40.726125382653414,-73.97569380898047,eastern redbud
5779230,1C,1,40.72627437721642,-73.97558573413653,eastern redbud
10155861,1C,1,40.725580995456895,-73.97594662298503,'Streetkeeper' Thornless honeylocust
10162568,1C,1,40.72789687153753,-73.9786414772952,Kentucky coffeetree
10162187,1C,1,40.72649159777122,-73.97728415023126,'Sterling' Silver linden
10162567,1C,1,40.72670853801991,-73.9767787285971,'Chicagoland' Hackberry
11537804,1C,1,40.72739592444408,-73.97917587301644,'Millstone' Japanese pagodatree
11142891,1C,1,40.726808876848544,-73.97778566536614,Hardy Rubber Tree
11143469,1C,1,40.728239510899165,-73.97749176719819,sawtooth oak
12744826,1C,1,40.72794745420308,-73.97876023978763,Japanese zelkova
12744825,1C,1,40.727985644125134,-73.97884448641543,Japanese zelkova
12751327,1C,1,40.72840288820719,-73.97756349672022,Kentucky coffeetree
12767047,1C,1,40.7246798321619,-73.9741344114677,Japanese pagoda tree
12767042,1C,1,40.72479811886536,-73.97419407755751,London planetree
12751326,1C,1,40.728316226427275,-73.97769243317369,Thornless honeylocust
12216780,1C,1,40.725756019764525,-73.97596172854999,'Espresso' Kentucky coffee tree
13524617,1C,1,40.728949178227175,-73.97711649122554,goldenrain tree
13519403,1C,1,40.72788408064304,-73.97619630747195,sawtooth oak
13869141,1C,1,40.72735574235871,-73.97539859663803,'New Horizon' Elm
13868742,1C,1,40.72726166298938,-73.97912547464196,'Sterling' Silver linden
13827546,1C,1,40.729137190592645,-73.97756115683062,'Imperial' Thornless honeylocust
13826745,1C,1,40.72922797552973,-73.97776674811527,pin oak
15325106,1C,1,40.72466770195394,-73.97412380777837,'Princeton Sentry' Ginkgo
15307871,1C,1,40.72838137356925,-73.97749736428025,'Shademaster' Thornless honeylocust
15208697,1C,1,40.72820687053146,-73.97742422483581,Shumard's oak
15325102,1C,1,40.724672464085295,-73.97404241199189,'Regent' Japanese pagodatree
15325105,1C,1,40.724747623971055,-73.97419181969217,'Bloodgood' London planetree
15325104,1C,1,40.72471603411895,-73.97410022713859,'Regent' Japanese pagodatree
15325107,1C,1,40.72472253201196,-73.97425688763514,'Bloodgood' London planetree
15325103,1C,1,40.7247631363523,-73.97430142517814,'Bloodgood' London planetree
15541158,1C,1,40.7270977404945,-73.97275985191659,Thornless honeylocust
15541156,1C,1,40.72717843613823,-73.97295062544399,Thornless honeylocust
15541160,1C,1,40.72703931990226,-73.97262173773201,Thornless honeylocust
16293537,1C,1,40.72801152945233,-73.97609995550698,'Imperial' Thornless honeylocust
164930,1D,1,40.728495194830316,-73.98786725296215,Thornless honeylocust
243847,1D,1,40.72886533760667,-73.98633946440104,littleleaf linden
201518,1D,1,40.730323831389974,-73.9882506204344,willow oak
164932,1D,1,40.73088695960434,-73.98930011229486,Thornless honeylocust
580231,1D,1,40.730298528178594,-73.98974054206242,Japanese maple
580235,1D,1,40.73061484590751,-73.98927748503701,Japanese zelkova
580336,1D,1,40.73094077220778,-73.98944221874015,Thornless honeylocust
580340,1D,1,40.73109779558774,-73.98981624471634,Thornless honeylocust
580273,1D,1,40.72964021247234,-73.99050222815319,London planetree
580288,1D,1,40.72925706544499,-73.99026580610727,maidenhair tree
580337,1D,1,40.73100602117483,-73.98959764213777,Callery pear
580274,1D,1,40.729606360158854,-73.99029258021599,pin oak
589714,1D,1,40.73037118973799,-73.99020542724729,Thornless honeylocust
589715,1D,1,40.730404263230895,-73.99028363541699,Thornless honeylocust
589710,1D,1,40.73003313557672,-73.98970299652706,Thornless honeylocust
589711,1D,1,40.73019648048974,-73.98979231351642,Thornless honeylocust
589706,1D,1,40.730779254101016,-73.9893476214403,Thornless honeylocust
589712,1D,1,40.73023755803233,-73.98988944222857,Thornless honeylocust
589733,1D,1,40.730081186660904,-73.99055163057552,Thornless honeylocust
589705,1D,1,40.730834999691396,-73.98948026659586,Japanese pagoda tree
589713,1D,1,40.73027116536211,-73.98996891133253,Thornless honeylocust
589716,1D,1,40.730437604908865,-73.99036247504287,Thornless honeylocust
1166511,1D,1,40.730238036835786,-73.98804705442713,maidenhair tree
1623180,1D,1,40.72984614661933,-73.9889422546544,Thornless honeylocust
2114556,1D,1,40.7288719381353,-73.98481438985488,Japanese zelkova
2114560,1D,1,40.729213589437826,-73.98562150792844,Thornless honeylocust
2114565,1D,1,40.729332232995034,-73.98590179392552,Callery pear
2114568,1D,1,40.72952654321806,-73.98636084786804,maidenhair tree
2114557,1D,1,40.72896108851123,-73.98502499669338,Japanese zelkova
2114569,1D,1,40.729564444568304,-73.9864503889566,maidenhair tree
1591574,1D,1,40.72822937599531,-73.98780156622192,Thornless honeylocust
2114562,1D,1,40.72927591482732,-73.98576874521386,Thornless honeylocust
1856815,1D,1,40.728469391705794,-73.98451845028677,littleleaf linden
1856414,1D,1,40.72728215484266,-73.98537585190901,littleleaf linden
2114567,1D,1,40.729440331299394,-73.98615717331232,Chinese elm
2114561,1D,1,40.7292476218396,-73.98570190489217,Thornless honeylocust
2128022,1D,1,40.72930622877979,-73.98924591855828,willow oak
2128169,1D,1,40.72781436454274,-73.98570151186449,Callery pear
2128019,1D,1,40.729196666142315,-73.9889858301946,Japanese pagoda tree
2114632,1D,1,40.729491718973264,-73.98601627662563,American basswood
2128131,1D,1,40.72878525605343,-73.98614908613494,London planetree
2117272,1D,1,40.72973360202207,-73.98867265569267,Thornless honeylocust
2117744,1D,1,40.73028050139015,-73.98789149750358,maidenhair tree
2128198,1D,1,40.72764576082331,-73.98556696706264,Thornless honeylocust
2128036,1D,1,40.728701611680016,-73.98807300548276,shingle oak
2117739,1D,1,40.73001193955417,-73.98725469828439,sawtooth oak
2128135,1D,1,40.72901434977678,-73.98698574264725,littleleaf linden
2128191,1D,1,40.72799240251179,-73.98638982565605,London planetree
2117292,1D,1,40.729911400589586,-73.9878497665742,Callery pear
2116908,1D,1,40.72862999766354,-73.98470667473487,silver linden
2114624,1D,1,40.729157133999685,-73.98522545537736,Thornless honeylocust
2117736,1D,1,40.72989163129969,-73.98696943497447,pin oak
2123279,1D,1,40.729990957425706,-73.988297939649,Norway maple
2128180,1D,1,40.728438371588915,-73.9871869119409,Thornless honeylocust
2117749,1D,1,40.730437537086125,-73.98826385864764,Callery pear
2128143,1D,1,40.72821912188158,-73.98510283495133,littleleaf linden
2128173,1D,1,40.7280451013193,-73.9862507554678,Callery pear
2128128,1D,1,40.72857028261928,-73.98563908764625,pin oak
2114620,1D,1,40.72891166263182,-73.98464527305721,Japanese pagoda tree
2117732,1D,1,40.730380893998976,-73.98838877866183,maidenhair tree
2117269,1D,1,40.72948636980181,-73.9878257641099,Thornless honeylocust
2128194,1D,1,40.72783164786717,-73.9860082214404,Thornless honeylocust
2128138,1D,1,40.72887872781532,-73.98666461446082,Callery pear
2128020,1D,1,40.729257830236804,-73.98913102472099,littleleaf linden
2116862,1D,1,40.72742798089893,-73.98557993440048,Japanese pagoda tree
2128170,1D,1,40.727894240960325,-73.98589164558022,Thornless honeylocust
2128192,1D,1,40.72791727675971,-73.98621149112483,Thornless honeylocust
2114633,1D,1,40.72952080112425,-73.98608501589695,scarlet oak
2114623,1D,1,40.72910537158542,-73.985103111885,Callery pear
2117730,1D,1,40.730496012749015,-73.988661325942,maidenhair tree
2128185,1D,1,40.72822881099424,-73.98695102643732,Thornless honeylocust
2117745,1D,1,40.730311642089966,-73.98796533822394,Callery pear
2128033,1D,1,40.72889902715763,-73.98854093208544,Chinese elm
2117241,1D,1,40.72904778582441,-73.99011142752843,sawtooth oak
2117740,1D,1,40.73008140912926,-73.98741941940985,sawtooth oak
2117735,1D,1,40.73015678604294,-73.98785820007818,Kentucky coffeetree
2117752,1D,1,40.730590313919976,-73.98862612558499,pin oak
2114627,1D,1,40.7292918755961,-73.98554392650243,Callery pear
2123280,1D,1,40.72998567506445,-73.98839547059909,London planetree
2128179,1D,1,40.728384900372305,-73.98705962713618,Thornless honeylocust
2117293,1D,1,40.729915680666394,-73.98777927235307,maidenhair tree
2117731,1D,1,40.73043951930034,-73.98852757579105,maidenhair tree
2128197,1D,1,40.727682991906214,-73.98565534400794,Thornless honeylocust
2128134,1D,1,40.72906607360859,-73.98681530597686,'Not Green leaf' Japanese flowering cherry
2128016,1D,1,40.728838588348715,-73.98813581375742,Japanese pagoda tree
2123283,1D,1,40.72996528911959,-73.9887719232783,Japanese pagoda tree
2128174,1D,1,40.72807721205915,-73.98632718823008,London planetree
2128184,1D,1,40.72828851111663,-73.98709274834593,maidenhair tree
2117295,1D,1,40.72992478410137,-73.98762929216785,Thornless honeylocust
2128193,1D,1,40.72788642891614,-73.9861382641628,Thornless honeylocust
2117741,1D,1,40.730120802533214,-73.98751282522095,sawtooth oak
2128171,1D,1,40.72792701373237,-73.98596965784448,Thornless honeylocust
2114634,1D,1,40.72956108959357,-73.98618024351751,black locust
2128017,1D,1,40.72889004559987,-73.98825796674129,Callery pear
2116863,1D,1,40.72749939974703,-73.9855275293984,Japanese pagoda tree
2128186,1D,1,40.72818094438238,-73.9868373980592,London planetree
2128189,1D,1,40.728071913949094,-73.98657857471578,Thornless honeylocust
2128034,1D,1,40.72884112079797,-73.98840367819848,Callery pear
2117751,1D,1,40.730551455059135,-73.9885339812027,Callery pear
2128175,1D,1,40.7281207321297,-73.98643078527854,Thornless honeylocust
2123278,1D,1,40.72999851924693,-73.98815829978277,littleleaf linden
2114622,1D,1,40.7290103846364,-73.9848786059041,Japanese pagoda tree
2117734,1D,1,40.73028682800547,-73.98816607434853,Callery pear
2128140,1D,1,40.72842189638164,-73.98558294171275,Thornless honeylocust
2117294,1D,1,40.72991989391183,-73.98770985754993,Callery pear
2117271,1D,1,40.72968952632627,-73.98856781149142,Thornless honeylocust
2117747,1D,1,40.73038989486389,-73.98815088850832,maidenhair tree
2128030,1D,1,40.729016037632206,-73.98881828169162,Japanese pagoda tree
2128028,1D,1,40.729195212859146,-73.98924298540449,Chinese elm
2114626,1D,1,40.72925772353201,-73.98546320486885,Callery pear
2128183,1D,1,40.72834009931751,-73.98721521669322,London planetree
2114605,1D,1,40.72832088837154,-73.98462067870051,mulberry
2117267,1D,1,40.72839861420577,-73.98793710617915,Thornless honeylocust
2128196,1D,1,40.72773710870006,-73.98578380630913,Thornless honeylocust
2116803,1D,1,40.727983719284644,-73.98486374779667,littleleaf linden
2117239,1D,1,40.729217477595334,-73.9899869417362,London planetree
2114630,1D,1,40.729389529010945,-73.98577473961647,Callery pear
2128133,1D,1,40.728958323254176,-73.98655967357392,European hornbeam
2117743,1D,1,40.73025867627552,-73.98783974567817,maidenhair tree
2123281,1D,1,40.72997639834521,-73.98856678208267,Callery pear
2117742,1D,1,40.73020916959031,-73.98772235583041,maidenhair tree
2116907,1D,1,40.728693930588086,-73.98466032801709,Japanese pagoda tree
2128190,1D,1,40.72803282291406,-73.98648577735379,London planetree
2128176,1D,1,40.72817725385771,-73.98656533327089,Thornless honeylocust
2123277,1D,1,40.7300052236655,-73.9880344934789,littleleaf linden
2128141,1D,1,40.72831744491079,-73.98533563320937,Thornless honeylocust
2128018,1D,1,40.729124332710356,-73.98881412180425,Japanese pagoda tree
2116909,1D,1,40.728539144676645,-73.98477253400621,American basswood
2128136,1D,1,40.728944806955525,-73.98682107724281,Japanese zelkova
2128023,1D,1,40.72933747614934,-73.98932009481346,littleleaf linden
2128177,1D,1,40.72821560013688,-73.98665661267185,London planetree
2117270,1D,1,40.72963828101024,-73.98844591459172,Thornless honeylocust
2128182,1D,1,40.728418813783534,-73.9874020744298,common hackberry
2128195,1D,1,40.7277993367435,-73.98593152306884,littleleaf linden
2117750,1D,1,40.73047213848428,-73.98834590528554,Japanese pagoda tree
2114625,1D,1,40.72921156464532,-73.98535410501403,Thornless honeylocust
2128142,1D,1,40.72827561074877,-73.98523658375755,Thornless honeylocust
2128137,1D,1,40.72891443198101,-73.98674915517829,Japanese zelkova
2128027,1D,1,40.729341906834414,-73.98959070011152,Japanese pagoda tree
2116861,1D,1,40.727366867071254,-73.98562477920021,Thornless honeylocust
2128031,1D,1,40.72898262452085,-73.98873908373001,Japanese zelkova
2117266,1D,1,40.72828505063101,-73.98802055382197,Thornless honeylocust
2114621,1D,1,40.72897649865806,-73.9847985170469,Japanese pagoda tree
2114604,1D,1,40.72837814131149,-73.98457932771801,American basswood
2128021,1D,1,40.72928668406397,-73.98919951934951,pin oak
2121487,1D,1,40.72956898820095,-73.98682917564823,Callery pear
2122060,1D,1,40.728089586880834,-73.98510099302483,Japanese pagoda tree
2121492,1D,1,40.72887630760094,-73.9873308138356,Thornless honeylocust
2121491,1D,1,40.728719130856895,-73.98744553772822,Thornless honeylocust
2121490,1D,1,40.72843900358829,-73.9876486459894,Thornless honeylocust
2122062,1D,1,40.72787173976454,-73.98525788202575,northern red oak
2121488,1D,1,40.72810762652589,-73.98789277927936,pin oak
2121486,1D,1,40.729376804204456,-73.9869680435693,Japanese pagoda tree
2121489,1D,1,40.72833604675204,-73.98772449741213,Thornless honeylocust
2122061,1D,1,40.72801015130465,-73.98515820158654,Japanese zelkova
2561960,1D,1,40.72993167469949,-73.98751910788774,Japanese zelkova
4610115,1D,1,40.72991159864964,-73.98727983415927,Japanese pagoda tree
4634305,1D,1,40.730207948982915,-73.98797933001916,maidenhair tree
4918332,1D,1,40.72987748407838,-73.99005604307139,maidenhair tree
4918337,1D,1,40.72972486567762,-73.99009265534015,Thornless honeylocust
4918331,1D,1,40.72989892218966,-73.98999496576772,maidenhair tree
4918338,1D,1,40.72986004443609,-73.99054295746646,Thornless honeylocust
4918334,1D,1,40.72986319869356,-73.99017506109244,maidenhair tree
4918330,1D,1,40.72991201559008,-73.98986811831148,maidenhair tree
4918335,1D,1,40.72985248232029,-73.99023770248543,maidenhair tree
4918333,1D,1,40.72986676709767,-73.99011085423686,maidenhair tree
4918336,1D,1,40.729836999582965,-73.99028468479035,maidenhair tree
5249732,1D,1,40.729781612273456,-73.99028635031974,common hackberry
5242135,1D,1,40.72998116893278,-73.9884736012333,'Armstrong' Red maple
5251332,1D,1,40.7298273985724,-73.99046840967789,common hackberry
5242933,1D,1,40.72728897571783,-73.98568193432135,swamp white oak
5227352,1D,1,40.72980218581793,-73.99038721002444,common hackberry
5250534,1D,1,40.72975345047192,-73.99019817413395,common hackberry
5228931,1D,1,40.727225993876885,-73.98574205814684,Chinese pistache
5170772,1D,1,40.72881055718631,-73.98805506018108,Japanese pagoda tree
5464945,1D,1,40.728756027574164,-73.98606163258513,American basswood
5523945,1D,1,40.73104395152249,-73.98968798835642,common hackberry
5895174,1D,1,40.7289898661216,-73.98849632508414,'Green Vase' Zelkova
5895574,1D,1,40.728924453009235,-73.98860119889265,bald cypress
6077838,1D,1,40.72871940816551,-73.98457436365625,Japanese zelkova
10666780,1D,1,40.72834690101424,-73.98696901242603,'Skyline' Thornless honeylocust
10197194,1D,1,40.7312085572044,-73.99003722417558,Kentucky yellowwood
10202525,1D,1,40.729670793787506,-73.98704873365828,'Continental Appeal' American linden
10196379,1D,1,40.73107021068851,-73.9897505373023,Amur maackia
10197177,1D,1,40.727708963989706,-73.9853048033666,'Mushashino' Zelkova
10196385,1D,1,40.72911911500626,-73.99006972091904,'Exclamation' London planetree
10196372,1D,1,40.72831945153971,-73.9848896881155,'Mushashino' Zelkova
11142890,1D,1,40.72859704577029,-73.98442122036602,'Millstone' Japanese pagodatree
11537352,1D,1,40.73053625048058,-73.98875659034798,'Millstone' Japanese pagodatree
11142889,1D,1,40.729527004203185,-73.98685330300923,'Millstone' Japanese pagodatree
11797662,1D,1,40.72969089754577,-73.99061051456228,shingle oak
11779254,1D,1,40.728111603714005,-73.98666240174289,Thornless honeylocust
11797670,1D,1,40.72954261795591,-73.99077459202552,sawtooth oak
12230451,1D,1,40.72879732457893,-73.98829986907485,Hardy Rubber Tree
12777698,1D,1,40.73041225290753,-73.9882039025258,silver linden
11797661,1D,1,40.7294211201711,-73.99081708154063,sawtooth oak
11797667,1D,1,40.72929807920465,-73.9908547536305,Japanese zelkova
11797660,1D,1,40.72949791535089,-73.99079280683208,sawtooth oak
11812077,1D,1,40.72714043638981,-73.98578834052059,Japanese zelkova
11795713,1D,1,40.729120785789284,-73.98540765908203,cherry plum
11796974,1D,1,40.72911501382159,-73.9853853116207,cherry plum
11797659,1D,1,40.729368723916075,-73.99083844611143,Japanese zelkova
13519400,1D,1,40.729704007803484,-73.9865026594034,sawtooth oak
13519401,1D,1,40.72948671207054,-73.9862584250446,Amur maackia
13518640,1D,1,40.729733202446276,-73.9865676421895,sawtooth oak
14157392,1D,1,40.73109701813766,-73.9901075122886,silver linden
13852134,1D,1,40.72896686315587,-73.98843727028236,'Village Green' Zelkova
14157393,1D,1,40.73112169085975,-73.99016364371094,silver linden
14157394,1D,1,40.72797504597297,-73.9860839916919,American basswood
14051594,1D,1,40.7305206591863,-73.98934660139462,'Princeton' American elm
13851736,1D,1,40.72924242993363,-73.98750287454159,'Exclamation' London planetree
13852136,1D,1,40.72928294419295,-73.98759760948099,'Exclamation' London planetree
13852138,1D,1,40.73030879722939,-73.98950206662292,'Princeton' American elm
13852137,1D,1,40.72938773491577,-73.98785468255015,'Princeton' American elm
14157391,1D,1,40.73107554118175,-73.99004987102796,silver linden
13851737,1D,1,40.7304142487927,-73.98942468562217,'Princeton' American elm
15389721,1D,1,40.728896332838595,-73.98641260605982,Unknown
15389717,1D,1,40.730031370940125,-73.98910048546637,Chinese elm
15218052,1D,1,40.72753467145972,-73.98543585896026,'Princeton' American elm
15218049,1D,1,40.72845231934649,-73.9874816167997,common hackberry
15389719,1D,1,40.729972280543564,-73.98716066216834,Unknown
15218050,1D,1,40.72784555691941,-73.98577024731433,'Redmond' American linden
15384792,1D,1,40.72831060039894,-73.98688275487734,Unknown
15218051,1D,1,40.727740356185386,-73.98552297464367,'Homestead' Elm
16153939,1D,1,40.72945569912428,-73.98593113880396,pin oak
16309834,1D,1,40.729468180037486,-73.98963037115723,Chinese elm
16309819,1D,1,40.72944136476451,-73.98955275123984,Chinese elm
16309831,1D,1,40.72940847847373,-73.98948864747385,Chinese elm
15971232,1D,1,40.727809153647655,-73.98530295474482,'Espresso' Kentucky coffee tree
16309820,1D,1,40.72959278992791,-73.98972272470377,sawtooth oak
15976905,1D,1,40.730000053847114,-73.9905639704226,Thornless honeylocust
16456361,1D,1,40.73006477164302,-73.98769745511811,apple
122436,1E,1,40.72795313365426,-73.98417547230778,maidenhair tree
541509,1E,1,40.72730390148332,-73.9829259779267,mulberry
120830,1E,1,40.727924126463456,-73.98410712482809,Callery pear
262438,1E,1,40.72755177759533,-73.9835147111946,Japanese pagoda tree
761836,1E,1,40.72740042969697,-73.98315301632572,Japanese pagoda tree
939899,1E,1,40.72751231755343,-73.98132628825847,Thornless honeylocust
1085724,1E,1,40.7276261295462,-73.98159325047065,Thornless honeylocust
2114490,1E,1,40.728632707049705,-73.98397974371183,pin oak
2113063,1E,1,40.72581049298877,-73.98075716696584,Japanese pagoda tree
2113066,1E,1,40.72549859809861,-73.9809835019151,Thornless honeylocust
2113083,1E,1,40.727715066755884,-73.98180344247615,London planetree
2114486,1E,1,40.72843960518756,-73.98352394149245,maidenhair tree
2114479,1E,1,40.72805873706053,-73.98262495043541,Thornless honeylocust
2114468,1E,1,40.72766188684133,-73.98191066044029,American elm
2114498,1E,1,40.72610953472794,-73.98036701102262,maidenhair tree
2114456,1E,1,40.726985159471276,-73.98034283184295,Thornless honeylocust
2114457,1E,1,40.72703019792058,-73.98044944447018,willow oak
2114463,1E,1,40.72732822100113,-73.98110184685899,London planetree
2113067,1E,1,40.72538277862209,-73.98106754919966,Thornless honeylocust
2114467,1E,1,40.72754463809905,-73.98163136984856,swamp white oak
2113087,1E,1,40.72725982899351,-73.98072516556584,Thornless honeylocust
2114497,1E,1,40.72603172364296,-73.98042360520462,katsura tree
2114482,1E,1,40.72822940660984,-73.98302779250713,sawtooth oak
2113059,1E,1,40.726353065530205,-73.98036343211821,American elm
2114487,1E,1,40.72849676051178,-73.9836588528179,American basswood
2114469,1E,1,40.72772494598026,-73.98209408140073,willow oak
2114481,1E,1,40.728196821854525,-73.98295088096873,swamp white oak
2114454,1E,1,40.72689828122309,-73.98013717590854,swamp white oak
2114478,1E,1,40.72803149421189,-73.982560647744,Thornless honeylocust
2114488,1E,1,40.72853976060939,-73.98376035250683,maidenhair tree
2113065,1E,1,40.72558043937202,-73.98092158161766,Thornless honeylocust
2113058,1E,1,40.72642855099268,-73.98030695478482,American elm
2114489,1E,1,40.728590240262584,-73.98387950415552,maidenhair tree
2114480,1E,1,40.72810921674842,-73.98274410111596,Thornless honeylocust
2114485,1E,1,40.72834398825864,-73.98329824727219,'Regent' Japanese pagodatree
2113062,1E,1,40.72589891888963,-73.98069299830426,Japanese pagoda tree
2114484,1E,1,40.728304191643474,-73.98320431286292,Japanese pagoda tree
2113057,1E,1,40.72649882957266,-73.98026152200475,American elm
2113089,1E,1,40.72712743821206,-73.98041159216078,Thornless honeylocust
2113085,1E,1,40.727430577519776,-73.98112959668899,Thornless honeylocust
2114477,1E,1,40.728004250755184,-73.98249634360202,Thornless honeylocust
2114749,1E,1,40.72685249104098,-73.98342053896158,Thornless honeylocust
2114672,1E,1,40.72766440427995,-73.98348805215787,Japanese pagoda tree
2114593,1E,1,40.72821671619948,-73.98325882366343,pin oak
2110052,1E,1,40.72687300047533,-73.98304618726364,pin oak
2116808,1E,1,40.72684623779258,-73.983670181983,London planetree
2114607,1E,1,40.72754791790478,-73.98255309538843,London planetree
2114665,1E,1,40.72808282229673,-73.98448260694896,Green ash
2114600,1E,1,40.72854448591916,-73.98404079719437,pin oak
2114652,1E,1,40.72749830646878,-73.98338849161304,Thornless honeylocust
2114596,1E,1,40.728347578985804,-73.98357021562197,Thornless honeylocust
2114748,1E,1,40.726779096190086,-73.98324631062141,Thornless honeylocust
2114656,1E,1,40.72799327607368,-73.98456570124122,maidenhair tree
2114655,1E,1,40.727962472353354,-73.98449244112233,eastern redbud
2114592,1E,1,40.728146637653225,-73.98309207463491,maidenhair tree
2114754,1E,1,40.72731891866833,-73.98452778248509,Thornless honeylocust
2114671,1E,1,40.72769548663586,-73.98356193303606,maidenhair tree
2114666,1E,1,40.728096835512886,-73.98453004025784,Green ash
2114606,1E,1,40.727658884156725,-73.98247241815444,pin oak
2114650,1E,1,40.727347742103845,-73.98303040580511,black locust
2114750,1E,1,40.72688679618425,-73.98350197216557,Thornless honeylocust
2116809,1E,1,40.726969190176256,-73.9839621694537,Thornless honeylocust
2110053,1E,1,40.726797158972865,-73.98310150367388,Thornless honeylocust
2114757,1E,1,40.72753271707075,-73.9850353267028,Thornless honeylocust
2110234,1E,1,40.72759525794936,-73.98228997807887,Chinese elm
2114597,1E,1,40.72838659861109,-73.9836630650981,maidenhair tree
2114675,1E,1,40.72746834146414,-73.98302203624685,London planetree
2114662,1E,1,40.726473787087144,-73.98333629887186,pin oak
2114654,1E,1,40.72775641421045,-73.98400235601089,Japanese pagoda tree
2114751,1E,1,40.72692110012597,-73.98358340470202,Thornless honeylocust
2114590,1E,1,40.72800966774525,-73.98276615654446,Thornless honeylocust
2114595,1E,1,40.72831811486904,-73.9835001054634,maidenhair tree
2114651,1E,1,40.727458208935595,-73.98329312877195,maidenhair tree
2114667,1E,1,40.72799940456628,-73.98428432572204,Chinese elm
2114670,1E,1,40.72775446392817,-73.98370211681981,Japanese pagoda tree
2114663,1E,1,40.72626987977523,-73.98348382996608,common hackberry
2110220,1E,1,40.72628682130352,-73.98324302644171,Callery pear
2110038,1E,1,40.72634698789956,-73.98019152980005,Japanese pagoda tree
2114591,1E,1,40.72809832730346,-73.98297711959293,swamp white oak
2116807,1E,1,40.72673219102188,-73.98339934467477,Shumard's oak
2114752,1E,1,40.726988644458714,-73.98374374700182,Thornless honeylocust
2114669,1E,1,40.727810785183294,-73.98383598681897,Japanese pagoda tree
2114668,1E,1,40.72787321595777,-73.98398438062254,Japanese pagoda tree
2114756,1E,1,40.72747900212828,-73.98490780863798,Callery pear
2114594,1E,1,40.72826409673386,-73.98337156945695,maidenhair tree
2114599,1E,1,40.7284826430726,-73.98389250392759,maidenhair tree
2114673,1E,1,40.727588688817164,-73.98330808632052,Thornless honeylocust
2114664,1E,1,40.72811974877486,-73.98457038185822,Chinese elm
2114608,1E,1,40.727446079767404,-73.98262713437674,London planetree
2110231,1E,1,40.72736045992522,-73.9824610053796,Callery pear
2110051,1E,1,40.726930120723864,-73.9830045246784,Thornless honeylocust
2110039,1E,1,40.726623941553356,-73.97998800967001,maidenhair tree
2121704,1E,1,40.72519270586688,-73.981032602878,Thornless honeylocust
2121705,1E,1,40.7252768202015,-73.98097086041213,Thornless honeylocust
4596928,1E,1,40.72709991932912,-73.9805745556559,eastern redbud
4612726,1E,1,40.727599452872695,-73.98175176917653,silver linden
4613397,1E,1,40.72753713641281,-73.9823297680829,Callery pear
5247733,1E,1,40.727022940808695,-73.9840837951004,hophornbeam
5528629,1E,1,40.72741406517081,-73.98133089786883,eastern redbud
6082248,1E,1,40.72601522085147,-73.98060303343867,American elm
6082251,1E,1,40.726649041881394,-73.9801438255836,American elm
10164543,1E,1,40.727215472523945,-73.98060561251413,'Streetkeeper' Thornless honeylocust
10340920,1E,1,40.727679250058586,-73.98223239467262,Callery pear
10163629,1E,1,40.727162866678,-73.98049550577325,'Millstone' Japanese pagodatree
11185841,1E,1,40.72722770741657,-73.98431125596855,'Regent' Japanese pagodatree
11139416,1E,1,40.72585014876095,-73.98072832878547,'Skyline' Thornless honeylocust
11772477,1E,1,40.726562944985496,-73.9802059557953,Japanese pagoda tree
11797502,1E,1,40.72844556339747,-73.98378843887134,Thornless honeylocust
11780201,1E,1,40.72706825956373,-73.9841706546487,London planetree
13835108,1E,1,40.727572023488825,-73.98146462491489,'Princeton' American elm
13851734,1E,1,40.72718159830059,-73.98419786604288,'Green Vase' Zelkova
14022435,1E,1,40.727119549755734,-73.98063047419326,'Greenspire' Littleleaf linden
13852135,1E,1,40.72689984687888,-73.98377931933327,'Princeton' American elm
14040363,1E,1,40.72524677550493,-73.98116624137519,'Princeton' American elm
13827542,1E,1,40.72736278525053,-73.98123674593722,eastern redbud
13827541,1E,1,40.72826973820984,-73.98312298710879,'Green Vase' Zelkova
14500058,1E,1,40.72611132121154,-73.98337085514176,'Sterling' Silver linden
13883694,1E,1,40.7271775705684,-73.9807983046672,eastern redbud
14500060,1E,1,40.726197750787,-73.9833079033053,'Sterling' Silver linden
14529508,1E,1,40.72687429800015,-73.98281512157082,Callery pear
15192703,1E,1,40.72728770746269,-73.98101969077484,'Harvest Gold' Mongolian linden
15218053,1E,1,40.72744304675721,-73.98240084910097,'Harvest Gold' Mongolian linden
15389720,1E,1,40.728641967310764,-73.98425019056218,Unknown
15933567,1E,1,40.72679027010408,-73.98287632573937,'Kwanzan' Flowering cherry
17042429,1E,1,40.727351775619795,-73.98092518979922,'Village Green' Zelkova
17042423,1E,1,40.72681944050263,-73.98333175743102,'Princeton' American elm
221306,1F,1,40.72518104578698,-73.97971093059239,Japanese pagoda tree
220506,1F,1,40.725219178305025,-73.97981409578128,Japanese pagoda tree
221307,1F,1,40.72526327349751,-73.97991273298138,Japanese pagoda tree
220508,1F,1,40.72509970137383,-73.97953266413134,Japanese pagoda tree
220507,1F,1,40.725142604849225,-73.97962973644393,Japanese pagoda tree
259209,1F,1,40.72484163303596,-73.97864497892981,sawtooth oak
658211,1F,1,40.72633375446239,-73.97852187204192,Thornless honeylocust
2114505,1F,1,40.72485313197139,-73.97709551584016,Thornless honeylocust
2114512,1F,1,40.72459978619586,-73.97646558922972,Thornless honeylocust
2114433,1F,1,40.72523256188957,-73.97619249749995,Thornless honeylocust
2114501,1F,1,40.72509003124132,-73.97765633536591,Japanese pagoda tree
2114427,1F,1,40.725472322253474,-73.97676401999465,Thornless honeylocust
2114516,1F,1,40.724337219805264,-73.975874220516,Chinese elm
2114539,1F,1,40.72539851191615,-73.98023455845386,maidenhair tree
2114507,1F,1,40.72479328712956,-73.97694661945555,Thornless honeylocust
2114434,1F,1,40.72512030228577,-73.9759249033771,goldenrain tree
2114502,1F,1,40.72503966690573,-73.9775371052048,Thornless honeylocust
2114422,1F,1,40.725406804261645,-73.9779889121533,Thornless honeylocust
2114515,1F,1,40.72437719239985,-73.97596884615544,Chinese elm
2114472,1F,1,40.72453138403875,-73.97551702663665,Thornless honeylocust
2114530,1F,1,40.72475706392065,-73.97871449360396,Callery pear
2114426,1F,1,40.725491275332736,-73.97680919847114,Thornless honeylocust
2114529,1F,1,40.72472298080321,-73.97863372682284,Callery pear
2114473,1F,1,40.72442283877996,-73.97559599633671,northern red oak
2114508,1F,1,40.724763082923744,-73.97686461276078,Thornless honeylocust
2114420,1F,1,40.72566359694076,-73.97780158414969,'Green leaf' Japanese flowering cherry
2114540,1F,1,40.72549463387746,-73.98046234873824,Thornless honeylocust
2114435,1F,1,40.72507086451997,-73.97580706163654,Thornless honeylocust
2114500,1F,1,40.72513000351056,-73.97775096163953,littleleaf linden
2114421,1F,1,40.72550664172309,-73.97791608213859,maidenhair tree
2114431,1F,1,40.72533461626129,-73.97643576511983,Thornless honeylocust
2114533,1F,1,40.72489020080363,-73.97902998843641,sawtooth oak
2114503,1F,1,40.724978909855515,-73.97739327277138,Thornless honeylocust
2114514,1F,1,40.72452516274119,-73.97630213732913,Thornless honeylocust
2114424,1F,1,40.72560910051181,-73.97709006524059,Japanese pagoda tree
2114511,1F,1,40.7246235703635,-73.97653416256226,Thornless honeylocust
2114513,1F,1,40.724565840301786,-73.97638966042234,Thornless honeylocust
2114509,1F,1,40.724729773707764,-73.97679138918525,Thornless honeylocust
2114541,1F,1,40.72552845027551,-73.98054248684798,Thornless honeylocust
2114537,1F,1,40.72530585103623,-73.98001496956918,Japanese pagoda tree
2114499,1F,1,40.72515824910032,-73.97781783055093,Thornless honeylocust
2114504,1F,1,40.72494533441673,-73.97731378774529,Thornless honeylocust
2114517,1F,1,40.724301244460776,-73.97578905791342,Chinese elm
2114428,1F,1,40.725434417185426,-73.97667366387005,Thornless honeylocust
2114510,1F,1,40.72469681386819,-73.97670987290836,Thornless honeylocust
2116844,1F,1,40.72547329649231,-73.97830482190923,Thornless honeylocust
2121014,1F,1,40.72458380269565,-73.97526323370118,willow oak
2110094,1F,1,40.72396146134232,-73.9765636289854,European hornbeam
2110079,1F,1,40.72456213111478,-73.97799293496,London planetree
2116846,1F,1,40.725409994000735,-73.97815459079409,Thornless honeylocust
2110148,1F,1,40.726540564743594,-73.9792849692492,Thornless honeylocust
2116833,1F,1,40.72593994042466,-73.97941229603934,Callery pear
2116842,1F,1,40.725587530868175,-73.9785759279398,Thornless honeylocust
2110163,1F,1,40.725924915308354,-73.97782115916283,Callery pear
2123514,1F,1,40.724588797231505,-73.9743958111232,Oak
2110084,1F,1,40.72433545502569,-73.97745354762185,London planetree
2116855,1F,1,40.72433678584728,-73.97876588897665,Callery pear
2116838,1F,1,40.725805759349406,-73.97909384488175,maidenhair tree
2110176,1F,1,40.723283118384494,-73.97642884890855,maidenhair tree
2121011,1F,1,40.72387709493481,-73.97577899006043,American basswood
2110088,1F,1,40.72420274033257,-73.97713774800083,Japanese zelkova
2116845,1F,1,40.72544204372591,-73.97823065361676,Thornless honeylocust
2121023,1F,1,40.72441667965098,-73.97459661527108,Japanese zelkova
2110152,1F,1,40.726413081046324,-73.97898184836365,Green ash
2116830,1F,1,40.72618502738421,-73.97999397118866,Japanese pagoda tree
2110092,1F,1,40.72403737508072,-73.97674426427537,Chinese elm
2110078,1F,1,40.72459053223838,-73.97806051664169,Japanese zelkova
2110149,1F,1,40.72651533362281,-73.97922497567542,Thornless honeylocust
2110085,1F,1,40.7243078516121,-73.97738786101631,London planetree
2110161,1F,1,40.7260231874962,-73.97805481058352,Thornless honeylocust
2110177,1F,1,40.72320822223963,-73.97648342770202,pin oak
2110089,1F,1,40.724169826547225,-73.97705943031049,swamp white oak
2110157,1F,1,40.726192903399806,-73.97845833625196,maidenhair tree
2121024,1F,1,40.72434708721058,-73.97454367973909,Japanese zelkova
2110093,1F,1,40.723987739097005,-73.97662615633686,hophornbeam
2110076,1F,1,40.72464547509934,-73.97819125899362,Japanese zelkova
2110153,1F,1,40.7263841312902,-73.9789130138831,Thornless honeylocust
2110081,1F,1,40.72446233069765,-73.97775545299456,London planetree
2116831,1F,1,40.72607451877331,-73.97973169617397,maidenhair tree
2110096,1F,1,40.723796095838374,-73.9761701473569,Thornless honeylocust
2110145,1F,1,40.726661142809284,-73.97957167222584,Thornless honeylocust
2110091,1F,1,40.72407002419909,-73.97682194963781,Chinese elm
2110146,1F,1,40.726614930721915,-73.97946179073953,Thornless honeylocust
2110086,1F,1,40.72426962954784,-73.97729691169411,Japanese zelkova
2110156,1F,1,40.726288518141786,-73.97868567436532,Thornless honeylocust
2110077,1F,1,40.72461840242908,-73.97812683507902,Japanese zelkova
2110150,1F,1,40.72648744749134,-73.97915866842582,Thornless honeylocust
2116835,1F,1,40.72588169303846,-73.9792740581097,maidenhair tree
2116840,1F,1,40.7256912596097,-73.97882210353303,Japanese pagoda tree
2121015,1F,1,40.72468218851912,-73.97519143001347,willow oak
2110159,1F,1,40.72611959880244,-73.97828404366402,Callery pear
2110154,1F,1,40.72634827598352,-73.97882776205134,Green ash
2110095,1F,1,40.72393385627602,-73.97649794311745,European hornbeam
2110080,1F,1,40.724535588084876,-73.97792977450564,London planetree
2110147,1F,1,40.72658040416409,-73.97937969481043,Thornless honeylocust
2116843,1F,1,40.72556000307538,-73.978510597388,Thornless honeylocust
2116832,1F,1,40.72602119210197,-73.97960513512376,maidenhair tree
2110090,1F,1,40.724103203028264,-73.97690090061398,Japanese zelkova
2110151,1F,1,40.726453717040634,-73.97907846820306,Thornless honeylocust
2116839,1F,1,40.72577291272798,-73.97901588886361,Thornless honeylocust
2116836,1F,1,40.725854963679694,-73.97921062010255,maidenhair tree
2121012,1F,1,40.724372630038964,-73.9754173488784,Oak
2110087,1F,1,40.72423591894432,-73.97721669778822,American basswood
2121010,1F,1,40.723816383342495,-73.97582329714606,American basswood
2116828,1F,1,40.726258830460836,-73.98016913758212,Japanese pagoda tree
2110155,1F,1,40.72632038905071,-73.97876145438272,Kentucky coffeetree
2116856,1F,1,40.72425928646497,-73.97882173255778,pin oak
2110175,1F,1,40.72357598134068,-73.97621543390102,Thornless honeylocust
2121022,1F,1,40.72450608117286,-73.97460785925786,London planetree
2110083,1F,1,40.72435615899068,-73.97750281223543,London planetree
2121604,1F,1,40.72403720094119,-73.97700753785097,American elm
2121572,1F,1,40.72564258761696,-73.97896864540131,Thornless honeylocust
2146796,1F,1,40.72481733784089,-73.97674644239254,Green ash
2121589,1F,1,40.7249466839384,-73.97811750864562,Thornless honeylocust
2121956,1F,1,40.72660018596861,-73.97916116771178,Thornless honeylocust
2121918,1F,1,40.725179639644985,-73.97945281667928,Callery pear
2121609,1F,1,40.723836893591404,-73.97653102798718,Callery pear
2121565,1F,1,40.72594428330011,-73.97968521172707,goldenrain tree
2146800,1F,1,40.72502727329937,-73.97724358275373,Callery pear
2121952,1F,1,40.726794319240405,-73.97962157078044,Thornless honeylocust
2121914,1F,1,40.72496775699366,-73.97894967011541,Japanese pagoda tree
2121597,1F,1,40.72435697336298,-73.9777682521518,American elm
2121580,1F,1,40.72498490431032,-73.97829376889996,Japanese zelkova
2121569,1F,1,40.72577815120411,-73.97929062552629,Green ash
2146804,1F,1,40.72523214306926,-73.97772873870952,Japanese pagoda tree
2121964,1F,1,40.726219233086,-73.97825772409814,Callery pear
2147314,1F,1,40.723858408926525,-73.97600876650358,Thornless honeylocust
2121573,1F,1,40.72557613327014,-73.97881081226453,swamp white oak
2121601,1F,1,40.724133970226745,-73.97723774106804,northern red oak
2146797,1F,1,40.724858100359384,-73.9768429683171,Green ash
2146799,1F,1,40.72497532268474,-73.97712055935439,London planetree
2121588,1F,1,40.72500125692384,-73.97807724941845,Thornless honeylocust
2121603,1F,1,40.724072909444025,-73.97709248289684,sweetgum
2121571,1F,1,40.72569707860116,-73.97909806783167,Japanese pagoda tree
2121598,1F,1,40.72432617730969,-73.9776949924038,Callery pear
2121963,1F,1,40.726250237538714,-73.97833124919337,Thornless honeylocust
2121608,1F,1,40.72388932781082,-73.97665576008028,Callery pear
2121581,1F,1,40.72513581296697,-73.97818279530048,Thornless honeylocust
2121957,1F,1,40.72656971578874,-73.9790889044383,Green ash
2121593,1F,1,40.72455103759905,-73.97822992847807,Japanese zelkova
2121566,1F,1,40.72589643694717,-73.97957157065758,Thornless honeylocust
2121919,1F,1,40.72521778845957,-73.97954340847174,Thornless honeylocust
2121953,1F,1,40.726750543108025,-73.97951775181758,Thornless honeylocust
2146793,1F,1,40.72465548951372,-73.97636318058042,Japanese zelkova
2121926,1F,1,40.725539726231155,-73.98030792171649,Thornless honeylocust
2146803,1F,1,40.72520630076281,-73.97766754224709,goldenrain tree
2121594,1F,1,40.72446993454279,-73.97803698403487,hedge maple
2121607,1F,1,40.723915874972256,-73.97671891640701,Callery pear
2121575,1F,1,40.725516325087355,-73.97866876233446,pin oak
2146798,1F,1,40.72494175391795,-73.97704106619973,Japanese zelkova
2121958,1F,1,40.72653551851736,-73.9790078053334,Thornless honeylocust
2121570,1F,1,40.725739608034814,-73.9791990824223,Thornless honeylocust
2146794,1F,1,40.7246975836346,-73.97646285937448,Japanese zelkova
2121587,1F,1,40.72506205447184,-73.97803240014427,Thornless honeylocust
2121962,1F,1,40.72627591760731,-73.97839215303287,Thornless honeylocust
2121921,1F,1,40.72537304194516,-73.97991209257773,Thornless honeylocust
2121602,1F,1,40.724102112599056,-73.97716195373805,northern red oak
2147316,1F,1,40.72401282211818,-73.9758964256597,Japanese zelkova
2121582,1F,1,40.72570128229125,-73.97756764807589,Thornless honeylocust
2121567,1F,1,40.72585789514536,-73.97948002647664,Green ash
2121599,1F,1,40.72427600225615,-73.977575626722,Japanese zelkova
2121966,1F,1,40.72615190424475,-73.97809805358578,Callery pear
2121925,1F,1,40.72547871514477,-73.98016303722848,Thornless honeylocust
2121595,1F,1,40.72442533481728,-73.97793088057294,American elm
2146802,1F,1,40.7251732667043,-73.97758931034514,Japanese pagoda tree
2121954,1F,1,40.72671661272226,-73.97943728282078,goldenrain tree
2121610,1F,1,40.723779548299845,-73.97639461251269,Japanese pagoda tree
2121912,1F,1,40.72488361520705,-73.97874986372825,sawtooth oak
2147317,1F,1,40.72420301678489,-73.97575805406872,Thornless honeylocust
2121586,1F,1,40.72512835503573,-73.97798349018204,Thornless honeylocust
2121959,1F,1,40.72647537538999,-73.97886517377134,Thornless honeylocust
2121574,1F,1,40.72554689280826,-73.97874136473195,swamp white oak
2121591,1F,1,40.724776502463826,-73.9782430510801,Japanese zelkova
2121605,1F,1,40.723990211756664,-73.97689575213313,pin oak
2121606,1F,1,40.72395662731038,-73.97681586041337,Kentucky coffeetree
2146801,1F,1,40.72514236305285,-73.97751612798805,'Green leaf' Japanese flowering cherry
2146795,1F,1,40.724771515022375,-73.97663792996465,Japanese pagoda tree
2121920,1F,1,40.72523892341906,-73.97959359800629,Thornless honeylocust
2121596,1F,1,40.7243873706259,-73.9778405665632,American elm
2121583,1F,1,40.72562452292625,-73.97762376603679,Thornless honeylocust
2121585,1F,1,40.72538465423195,-73.97779913204472,maidenhair tree
2121924,1F,1,40.72544681427999,-73.98008728005607,Thornless honeylocust
2121564,1F,1,40.72597485095017,-73.97975781505686,Thornless honeylocust
2121611,1F,1,40.723715433124575,-73.97624209340047,Callery pear
2121590,1F,1,40.724836819812396,-73.97819855402565,Japanese zelkova
2121600,1F,1,40.72416715505941,-73.97731668631191,northern red oak
2121579,1F,1,40.724884298287186,-73.9783677495172,Japanese zelkova
2121955,1F,1,40.726636511227994,-73.97924731435566,Thornless honeylocust
2121913,1F,1,40.724923360662615,-73.97884424315167,sawtooth oak
2121965,1F,1,40.72618596829185,-73.97817883536062,Callery pear
2121568,1F,1,40.725803402876096,-73.97935060267054,Japanese zelkova
2144745,1F,1,40.725068272499314,-73.97543464802179,Thornless honeylocust
2144747,1F,1,40.7252887272397,-73.97595671236643,Thornless honeylocust
2144743,1F,1,40.724306737958244,-73.97355098559093,maidenhair tree
2144726,1F,1,40.72470920229552,-73.97459452023267,Japanese pagoda tree
2144739,1F,1,40.72446475060363,-73.97392368507151,London planetree
2144746,1F,1,40.725255292687194,-73.97587753355623,Thornless honeylocust
2144727,1F,1,40.72470446872662,-73.97447555970216,London planetree
3206534,1F,1,40.72605057012454,-73.97785301460128,Callery pear
4599299,1F,1,40.724027886849484,-73.97367689182322,maidenhair tree
4599448,1F,1,40.72387363754104,-73.97378122406992,maidenhair tree
4604009,1F,1,40.72684698706256,-73.97972491138196,London planetree
4599472,1F,1,40.72438280004384,-73.97372452304403,maidenhair tree
4599278,1F,1,40.723915920330064,-73.97374519310672,maidenhair tree
4599343,1F,1,40.723968925499136,-73.9737121470384,maidenhair tree
4600569,1F,1,40.72490185883987,-73.97721074198768,Kentucky coffeetree
4603955,1F,1,40.724297870786145,-73.97436043073643,London planetree
4986565,1F,1,40.72508263955856,-73.97822495042006,Japanese zelkova
5244535,1F,1,40.72625577790743,-73.97860318781387,Kentucky coffeetree
5780221,1F,1,40.724336556697324,-73.97363241538753,'Princeton Sentry' Ginkgo
6083043,1F,1,40.725664130693154,-73.97875771895745,Japanese pagoda tree
10162576,1F,1,40.7244352572109,-73.97769102868261,'Streetkeeper' Thornless honeylocust
10162574,1F,1,40.72605978539583,-73.9799585262118,Hardy Rubber Tree
10162189,1F,1,40.72611162749312,-73.98007673585366,Hardy Rubber Tree
10162577,1F,1,40.72564793318983,-73.97718263432974,'Millstone' Japanese pagodatree
11537810,1F,1,40.72448631464548,-73.9759625698616,'Millstone' Japanese pagodatree
11537802,1F,1,40.726215877998825,-73.9800671941888,'Millstone' Japanese pagodatree
11139411,1F,1,40.72503674485286,-73.97911349236999,'Canada Red' Chokecherry
11537811,1F,1,40.7245907514256,-73.97620987577494,'Millstone' Japanese pagodatree
11142865,1F,1,40.725483097735,-73.97858984640158,'Ruby Vase' Persian ironwood
11139408,1F,1,40.724806385484456,-73.97856647183758,American hornbeam
11139413,1F,1,40.72511344167793,-73.97929562220827,chokecherry
11139780,1F,1,40.72479114698098,-73.97879525896447,'Redmond' American linden
11537350,1F,1,40.724440224483715,-73.97585342799927,'Millstone' Japanese pagodatree
11139414,1F,1,40.72507263425952,-73.97919871861492,chokecherry
11537351,1F,1,40.72440439134318,-73.9757538980209,'Millstone' Japanese pagodatree
11783528,1F,1,40.72503691770001,-73.97937766421384,Japanese pagoda tree
11789072,1F,1,40.724552113669084,-73.97609871805707,mulberry
11784633,1F,1,40.725834616873286,-73.97916233236832,mulberry
12767045,1F,1,40.724120193935164,-73.9736707507371,maidenhair tree
12767049,1F,1,40.7241593989743,-73.97376672795936,maidenhair tree
12767043,1F,1,40.724487024591,-73.97433723135914,Cherry
12158964,1F,1,40.725553951111905,-73.98059185938914,'Skyline' Thornless honeylocust
11790392,1F,1,40.72639178902623,-73.97867321369083,Japanese pagoda tree
12400956,1F,1,40.725290644244275,-73.97631937357872,'Espresso' Kentucky coffee tree
12767044,1F,1,40.72453315836771,-73.97436857722643,Cherry
12400955,1F,1,40.72610160612456,-73.97797877381615,'Espresso' Kentucky coffee tree
12767051,1F,1,40.724444453481894,-73.97470453503126,London planetree
13868738,1F,1,40.725913874741764,-73.97935043690359,'Princeton' American elm
13869137,1F,1,40.72540055750839,-73.97997743179646,'New Horizon' Elm
13869942,1F,1,40.7254699188329,-73.97638716640206,'Green Vase' Zelkova
13869138,1F,1,40.72391094883201,-73.9764300564208,'Patriot' Elm
13868739,1F,1,40.72542302117375,-73.98003077805744,'New Horizon' Elm
13862668,1F,1,40.72642574396129,-73.97874746957648,'New Horizon' Elm
13862675,1F,1,40.726089585700564,-73.97821268463238,'Heritage' Oak
13868741,1F,1,40.72389289842106,-73.97639280682345,'Patriot' Elm
13765983,1F,1,40.72387936268732,-73.9763478598748,pin oak
13868740,1F,1,40.72482549714276,-73.97887665794198,'Patriot' Elm
14177845,1F,1,40.725471006970785,-73.97773600081813,'Espresso' Kentucky coffee tree
14529199,1F,1,40.7244362213009,-73.97537093921189,northern red oak
15208688,1F,1,40.72395422759766,-73.97593905586446,'New Horizon' Elm
15325112,1F,1,40.724713678768104,-73.97462408962303,'Regent' Japanese pagodatree
15325092,1F,1,40.72472689438316,-73.97506726028814,'Bloodgood' London planetree
15325109,1F,1,40.72475360866606,-73.97472272497393,'Regent' Japanese pagodatree
15208687,1F,1,40.72414054862816,-73.97581085754759,northern red oak
15325098,1F,1,40.72463786763999,-73.97485706492978,'Bloodgood' London planetree
15325101,1F,1,40.724310983251755,-73.97439878828905,'Bloodgood' London planetree
15325108,1F,1,40.724854324425124,-73.97495443888631,'Sterling' Silver linden
15325113,1F,1,40.724311400013896,-73.97360318363114,'Princeton Sentry' Ginkgo
15326006,1F,1,40.724558979529455,-73.9747092613483,'Bloodgood' London planetree
15325110,1F,1,40.72478757750251,-73.97480178966343,'Regent' Japanese pagodatree
15325100,1F,1,40.72432111995278,-73.97444497735864,'Bloodgood' London planetree
15325099,1F,1,40.724288334130435,-73.97433068160575,'Bloodgood' London planetree
15208691,1F,1,40.72502218184041,-73.97532550406831,'Skyline' Thornless honeylocust
15325097,1F,1,40.72456062522637,-73.97468837993797,'Bloodgood' London planetree
15325111,1F,1,40.724282961394586,-73.97427744431945,'Princeton Sentry' Ginkgo
15325091,1F,1,40.7246766070802,-73.97495961670808,'Bloodgood' London planetree
16293533,1F,1,40.725528100684215,-73.97650669060295,bur oak
