groupId,name,activities,distinctTrees,treesLast12Months,firstDate,lastDate,generatedAt
28,NYC Parks Stewardship Team,19622,14180,990,2016-01-25,2026-10-03,2026-10-07
19,Trees New York,14459,8410,2184,1998-04-14,2026-10-03,2026-10-07
2,Jackson Heights Beautification Group TreeLC,13778,1477,678,2016-04-16,2026-10-03,2026-10-07
14,Lower East Side Ecology Center,1706,1344,886,2010-06-10,2026-10-05,2026-10-07
11,Gowanus Canal Conservancy,1518,868,49,2010-04-21,2026-09-07,2026-10-07
20,Red Hook Conservancy,432,362,2,2017-04-15,2026-04-11,2026-10-07
24,Columbus Amsterdam Business Improvement District,983,333,52,2015-07-27,2026-10-02,2026-10-07
10,Friends of Soundview Park,1028,299,18,0018-11-21,2026-06-28,2026-10-07
18,Greening Greenpoint,296,265,2,2017-11-30,2026-05-14,2026-10-07
30,West Village Committee Tree Crew,491,224,0,2014-04-21,2020-09-29,2026-10-07
21,GrowNYC,255,219,0,2017-10-06,2024-04-13,2026-10-07
64,CLOTH / CHAH,269,212,19,2019-12-02,2026-08-20,2026-10-07
22,NYC Compost Project,211,186,0,2016-09-29,2022-10-21,2026-10-07
31,Good & Green,199,178,0,2018-09-15,2025-05-20,2026-10-07
9,"Elizabeth Street Garden, Inc.",165,165,0,2015-09-27,2016-06-25,2026-10-07
66,Q Gardens,188,135,12,2017-11-19,2026-05-21,2026-10-07
96,Flowering Queens,683,92,0,2019-07-04,2022-03-27,2026-10-07
4,Bronx is Blooming,80,35,0,2016-11-19,2025-03-13,2026-10-07
8,Chelsea Garden Club,56,33,28,2018-10-25,2026-10-03,2026-10-07
98,Friends of Mosholu Parkland,16,15,1,2021-03-09,2025-12-15,2026-10-07
15,Sunset Park Block Associations,14,13,0,2022-03-02,2022-04-09,2026-10-07
5,110th Street Block Association,11,10,0,2022-07-02,2022-07-02,2026-10-07
17,H.E.A.L.T.H 4 Youths,3,1,0,2018-07-04,2019-09-24,2026-10-07
164,Clinton Hill Coop Tree Care Crew,57,38,9,2022-10-29,2026-05-03,2026-10-07
165,Big Reuse,4927,4118,1494,2019-12-02,2026-10-03,2026-10-07
228,Rosedale Preservation Society ,119,57,0,2023-11-25,2024-11-23,2026-10-07
263,South Midwood Pollinators,107,83,33,2023-07-10,2026-07-11,2026-10-07
393,Earth Matter NY,135,127,112,2025-03-07,2026-06-25,2026-10-07
