treeId,latitude,longitude,address,species
106825,40.7440384116423,-74.00148745013045,336 West&#x20; 20 Street,thornless honeylocust
154150,40.69313695040728,-73.99532682055244,108 Joralemon Street,London planetree
220506,40.72521917737202,-73.97981409578128,308 East 8 Street,Japanese pagoda tree
220507,40.725142603916204,-73.97962973644393,308 East&#x20; 8 Street,Japanese pagoda tree
220508,40.72509970044078,-73.97953266413134,308 East 8 Street,Japanese pagoda tree
221306,40.72518104485396,-73.97971093059239,308 East 8 Street,Japanese pagoda tree
221307,40.725263272564504,-73.97991273298138,308 East 8 Street,Japanese pagoda tree
259209,40.72484163210293,-73.97864497892981,343 East&#x20; 8 Street,sawtooth oak
284985,40.72292261931379,-73.98183010180479,258 East&#x20; 4 Street,Callery pear
373071,40.69192604299726,-73.99246917585405,48 Livingston Street,London planetree
438713,40.726325614824994,-73.99903638048283,158 Wooster Street,Callery pear
472711,40.69494848070845,-73.99745034070422,25 Remsen Street,London planetree
658211,40.72633375352937,-73.97852187204192,377 East 10 Street,thornless honeylocust
923093,40.71540728175423,-73.99069957805757,24 Ludlow Street,Japanese pagoda tree
1048377,40.690896715454045,-73.99610637343535,121 Atlantic Avenue,London planetree
1048713,40.690378472156425,-73.99235523192226,196 State Street,Callery pear
1048714,40.69040211198012,-73.99244062972264,196 State Street,thornless honeylocust
1048716,40.69047621687772,-73.99270834636026,186 State Street,Norway maple
1098902,40.72420280947422,-73.97929754138859,224 East&#x20; 7 Street,littleleaf linden
1387249,40.72736333313048,-74.0011321137112,116 West Houston Street,thornless honeylocust
1387250,40.727318275962,-74.00104022797753,114 West Houston Street,thornless honeylocust
1387251,40.72726280826047,-74.00092711332528,112 West Houston Street,thornless honeylocust
1387252,40.727225483591766,-74.00085099760638,108 West Houston Street,thornless honeylocust
1387253,40.727047238292315,-74.00050336212406,104 West Houston Street,thornless honeylocust
1387254,40.72700960170039,-74.00042665007766,100 West Houston Street,thornless honeylocust
1387255,40.72697538797584,-74.00035691268049,94 West Houston Street,thornless honeylocust
1387256,40.72693775128593,-74.00028020230278,482 West Broadway,thornless honeylocust
1387257,40.72690800054391,-74.00021956000535,482 West Broadway,thornless honeylocust
1387258,40.726877207908885,-74.00015679585961,482 West Broadway,thornless honeylocust
1387259,40.726625951884266,-73.9996474900671,71 West Broadway,thornless honeylocust
1387260,40.72657652990287,-73.99954728418284,71 West Houston Street,thornless honeylocust
1387261,40.72652695801448,-73.99944677628783,71 West Houston Street,littleleaf linden
1387262,40.72648500225269,-73.99936170645859,71 West Houston Street,littleleaf linden
1387263,40.72629644615853,-73.99898071364663,61 West Houston Street,Callery pear
1387264,40.726258926927265,-73.99890519392056,61 West Houston Street,Callery pear
1387265,40.726221707860184,-73.99883027784104,61 West Houston Street,Callery pear
1387266,40.72618373906615,-73.99875385181569,61 West Houston Street,Callery pear
1387267,40.72614651990025,-73.9986789374085,61 West Houston Street,Callery pear
1387268,40.726108399468266,-73.99860220864846,61 West Houston Street,pin oak
1417706,40.715799647588604,-73.9869323968849,411 Grand Street,pin oak
1417708,40.71564038249548,-73.98701519606723,411 Grand Street&#x20;,pin oak
1420885,40.74446341558367,-74.00248273403854,162 9 Avenue,Callery pear
1420886,40.74444215228401,-74.00243221149297,162 9 Avenue,Callery pear
1420887,40.744385005948104,-74.00229643376822,360 West&#x20; 20 Street,Callery pear
1420888,40.74430659715401,-74.00211013393645,354 West&#x20; 20 Street,Callery pear
1420889,40.74426539963774,-74.00201224713551,350 West&#x20; 20 Street,willow oak
1420890,40.744219416068724,-74.00190299470971,346 West&#x20; 20 Street,pin oak
1420891,40.74418459796555,-74.00182026472997,346 West&#x20; 20 Street,northern red oak
1420892,40.74412931155318,-74.00168890893204,342 West&#x20; 20 Street,thornless honeylocust
1420893,40.74409608748516,-74.00160996849547,342 West&#x20; 20 Street,thornless honeylocust
1420894,40.74404080140407,-74.00147861379847,336 West&#x20; 20 Street,thornless honeylocust
1420895,40.74398019908209,-74.0013346275455,334 West&#x20; 20 Street,Callery pear
1420896,40.74393953154294,-74.00123800555606,330 West&#x20; 20 Street,willow oak
1420897,40.743892219495415,-74.00112559570015,326 West&#x20; 20 Street,thornless honeylocust
1420898,40.74384889400362,-74.00102265848001,322 West&#x20; 20 Street,willow oak
1420899,40.74379653149932,-74.000898250277,318 West&#x20; 20 Street,willow oak
1420900,40.74373938449354,-74.00076247518385,312 West&#x20; 20 Street,thornless honeylocust
1420901,40.74370403206536,-74.00067848480823,312 West&#x20; 20 Street,thornless honeylocust
1420902,40.74360781139379,-74.00044987758145,306 West&#x20; 20 Street,thornless honeylocust
1421424,40.74371558358934,-74.00040899716315,307 West&#x20; 20 Street,Japanese tree lilac
1421425,40.74377789508406,-74.0005575118396,311 West&#x20; 20 Street,thornless honeylocust
1421426,40.743913127481456,-74.00087982200989,320 West&#x20; 21 Street,thornless honeylocust
1421427,40.74397331694928,-74.00102328216163,324 West&#x20; 21 Street,thornless honeylocust
1421428,40.74408796744017,-74.0013064198643,331 West&#x20; 20 Street,ginkgo
1421429,40.7442098371043,-74.00158701222234,339 West&#x20; 20 Street,thornless honeylocust
1421430,40.74432120136906,-74.0018524473855,347 West&#x20; 20 Street,London planetree
1421432,40.74441108828262,-74.00206669263353,355 West&#x20; 20 Street,Japanese pagoda tree
1421433,40.74446809593426,-74.00220257095707,359 West&#x20; 20 Street,thornless honeylocust
1423194,40.74621087966322,-74.00089138596897,360 West&#x20; 23 Street,thornless honeylocust
1423432,40.74585993489191,-73.99963417358028,332 West 23 Street,Callery pear
1423433,40.746001334659,-73.9999709780888,340 West 23 Street,Callery pear
1423435,40.74619791276346,-74.00043922234558,350 West 23 Street,ginkgo
1423437,40.74630986403733,-74.00070588905957,373 West&#x20; 23 Street,littleleaf linden
1423438,40.74640934577263,-74.00094285696693,363 West 23 Street,thornless honeylocust
1423439,40.74662138795182,-74.00107108086361,363 West 23 Street,London planetree
1423440,40.74670966939511,-74.00100507553155,363 West 23 Street,thornless honeylocust
1423441,40.74681942458687,-74.00092301635215,363 West 23 Street,pin oak
1423442,40.746919636517354,-74.00084809130789,363 West 23 Street,pin oak
1423885,40.680020155215495,-73.99570400980944,330 Smith Street,London planetree
1423899,40.67991433646397,-73.99563499189809,126 1 Place,London planetree
1425037,40.74601298044236,-74.00433908688179,453 West&#x20; 21 Street,Japanese zelkova
1425039,40.745889684165576,-74.00405248721444,440 West&#x20; 21 Street,Japanese zelkova
1425040,40.74585441194577,-74.00396761120534,440 West&#x20; 21 Street,Japanese zelkova
1425041,40.74582282533346,-74.00389160445268,440 West&#x20; 21 Street,Japanese zelkova
1425047,40.745460101435185,-74.00301878722618,413 West&#x20; 21 Street,pin oak
1425114,40.74648014284836,-74.00491328459539,473 West&#x20; 21 Street,thornless honeylocust
1425115,40.74652804136183,-74.00487802246857,473 West&#x20; 21 Street,thornless honeylocust
1425161,40.745638268202825,-74.00209423520329,195 9 Avenue,thornless honeylocust
1425163,40.74546200085013,-74.00222251148273,187 9 Avenue,thornless honeylocust
1425845,40.74611871412146,-74.00239505692247,417 West&#x20; 22 Street,Norway maple
1425850,40.74627799600954,-74.00277329790568,431 West&#x20; 22 Street,Callery pear
1425851,40.74631256354719,-74.00285538812655,433 West&#x20; 22 Street,Callery pear
1425855,40.74646360107071,-74.00321405602276,443 West&#x20; 22 Street,Chinese elm
1425856,40.74651545274037,-74.0033371905684,449 West&#x20; 22 Street,London planetree
1425862,40.74672339328283,-74.00383099459376,471 West&#x20; 22 Street,London planetree
1425863,40.74675450424671,-74.0039048760247,471 West&#x20; 22 Street,Callery pear
1425864,40.74678109413126,-74.00396802353339,473 West&#x20; 22 Street,littleleaf linden
1425869,40.74698318103709,-74.00444793947996,491 West&#x20; 22 Street,Japanese pagoda tree
1425910,40.7473331440814,-74.00355514005747,456 West&#x20; 23 Street,London planetree
1425912,40.74724344291315,-74.00334240145293,452 West&#x20; 23 Street,London planetree
1425913,40.74719632962963,-74.00323066573739,448 West&#x20; 23 Street,London planetree
1425915,40.74709651351521,-74.0029939389662,442 West&#x20; 23 Street,Callery pear
1425916,40.74706430584791,-74.00291755529346,440 West&#x20; 23 Street,thornless honeylocust
1425917,40.747033695137034,-74.00284495970698,438 West&#x20; 23 Street,London planetree
1425919,40.746954374100625,-74.00265684202625,434 West&#x20; 23 Street,black oak
1425921,40.746891820597135,-74.00250849423412,428 West&#x20; 23 Street,pin oak
1425923,40.74669857303768,-74.00205019612167,416 West&#x20; 23 Street,pin oak
1426704,40.716659100276516,-73.98835608611503,50 Norfolk Street,London planetree
1426705,40.71673723263883,-73.98831558814204,50 Norfolk Street,London planetree
1426706,40.71681383314746,-73.9882758832117,50 Norfolk Street,London planetree
1426707,40.71711921438432,-73.9881175918418,64 Norfolk Street,London planetree
1447166,40.74644279999888,-73.91641714204786,39-90 Gosman Avenue,London planetree
1447330,40.746612614740364,-73.9161927310759,39-088 48 Street&#x20;,London planetree
1447337,40.74738800374297,-73.91603642496902,39-064 48 Street&#x20;,London planetree
1447347,40.74828710811578,-73.91585517448696,39-028 48 Street,London planetree
1447348,40.748334316003685,-73.91584565909564,39-026 48 Street&#x20;,London planetree
1615576,40.6951395720492,-73.99298983357957,114 Pierrepont Street,London planetree
1958059,40.720932566392314,-73.98502318629527,170 Suffolk Street,silver linden
2110138,40.72578394383882,-73.98277104124922,144 East&#x20; 7 Street,green ash
2110139,40.72583194604567,-73.9828849790242,140 East&#x20; 7 Street,green ash
2110140,40.72587782249438,-73.98299386726364,140 East&#x20; 7 Street,Japanese pagoda tree
2110141,40.72592303300488,-73.9831011788886,140 East&#x20; 7 Street,green ash
2110176,40.72328311745147,-73.97642884890855,101 Avenue D,ginkgo
2110177,40.72320822130661,-73.97648342770202,93 Avenue D,pin oak
2110182,40.7228117619452,-73.98157093778929,258 East&#x20; 4 Street,Callery pear
2110183,40.72277983855309,-73.9814951995163,258 East&#x20; 4 Street,Callery pear
2110184,40.72274977825685,-73.98142388020834,268 East&#x20; 4 Street,thornless honeylocust
2110185,40.72271200160797,-73.98133425639676,270 East&#x20; 4 Street,thornless honeylocust
2110199,40.72461004278214,-73.9802575348714,200 E&#x20; 7 St,apple
2110202,40.7244430569542,-73.97986827311213,208 East&#x20; 7 Street,apple
2110203,40.724404528531046,-73.97977672173256,208 East&#x20; 7 Street,Callery pear
2110204,40.72437131451163,-73.97969779754057,216 East&#x20; 7 Street,Callery pear
2110220,40.72628682037047,-73.98324302644171,117 Avenue A,Callery pear
2110234,40.72759525701631,-73.98228997807887,153 Avenue A,Chinese elm
2110265,40.72318890710066,-73.97662537298508,283 East&#x20; 7 Street,northern red oak
2110266,40.72323686272267,-73.97673892986997,283 East&#x20; 7 Street,northern red oak
2110905,40.71555888562463,-73.98996267393463,25 Essex Street,pin oak
2110906,40.71559243191747,-73.99007013623455,42 Hester Street,pin oak
2110908,40.71566181612452,-73.99029240393374,46 Hester Street,Japanese zelkova
2110909,40.71568911267586,-73.99037984093326,48 Hester Street,pin oak
2110935,40.71498689392175,-73.99091118916128,7 Ludlow Street,Chinese elm
2110936,40.71493982259556,-73.99093524247961,7 Ludlow Street,Japanese tree lilac
2110972,40.71709846604254,-73.98883498638568,64 Essex Street,thornless honeylocust
2110973,40.717188429063334,-73.98878868108763,64 Essex Street,thornless honeylocust
2110974,40.71726663536178,-73.98874842979244,64 Essex Street,thornless honeylocust
2110975,40.71735710953163,-73.98870186263817,64 Essex Street,thornless honeylocust
2110976,40.71744196006758,-73.98865818899526,64 Essex Street,thornless honeylocust
2110987,40.71752334561826,-73.9884509570578,220 Broome,dawn redwood
2110988,40.71750005436419,-73.98837461800977,220 Broome Street&#x20;,dawn redwood
2110989,40.71743875884984,-73.98817372381842,220 Broome Street&#x20;,bald cypress
2111016,40.71383804259774,-73.99012565239872,10 Rutgers Street,ginkgo
2111017,40.71375505718674,-73.99011422386828,10 Rutgers Street,London planetree
2111018,40.71367479998449,-73.99010317071036,10 Rutgers Street,thornless honeylocust
2111020,40.71360928518329,-73.99009414818862,10 Rutgers Street,ginkgo
2111034,40.71344612509694,-73.98986392992255,150 Henry Street,ginkgo
2111035,40.71345404927798,-73.98977144964043,152 Henry Street,ginkgo
2111038,40.71350822384519,-73.98913913823142,165 Henry Street,Japanese pagoda tree
2111045,40.71391300263024,-73.98873110492285,10 Jefferson Street,Japanese pagoda tree
2111046,40.714053144799024,-73.98875245847208,10 Jefferson Street,Japanese pagoda tree
2111080,40.7133591057271,-73.99089555758908,135 Henry Street,ginkgo
2111084,40.71331057941105,-73.9914771553586,123 Henry Street,ginkgo
2111085,40.71330387839001,-73.99155747365438,121 Henry Street,ginkgo
2111086,40.713289636318606,-73.99172815176436,117 Henry Street,ginkgo
2111126,40.71263860859094,-73.99109226068781,122 Henry Street,London planetree
2112343,40.71143453113234,-73.98690813841395,319 Cherry Street,ginkgo
2112359,40.7118074513001,-73.98995422487249,54 Rutgers Street,American basswood
2112361,40.71215111309636,-73.99000515957113,48 Rutgers Street,American basswood
2112362,40.71233767239025,-73.99003281022779,38 Rutgers Street,American basswood
2112383,40.711492184034974,-73.9863159041802,327 Cherry Street,thornless honeylocust
2112411,40.71250563124053,-73.99064616982719,200 Madison Street,London planetree
2112549,40.71617833379485,-73.98651235382064,151 Clinton Street,chinkapin oak
2112643,40.71288392179086,-73.9879467352356,227 Madison Street,thornless honeylocust
2112644,40.712868952307765,-73.9881260169725,227 Madison Street,thornless honeylocust
2112647,40.712859370571344,-73.98824075754267,227 Madison Street,thornless honeylocust
2112695,40.71323240837775,-73.98848503603128,26 Jefferson Street,sawtooth oak
2112696,40.71312609982303,-73.98846855989582,38 Jefferson Street,sawtooth oak
2112697,40.71305631717665,-73.98845774598404,38 Jefferson Street,sawtooth oak
2112698,40.71296472762922,-73.98844355041076,38 Jefferson Street,thornless honeylocust
2114454,40.72689828029007,-73.98013717590854,343 East&#x20; 10 Street,swamp white oak
2114456,40.72698515853824,-73.98034283184295,337 East&#x20; 10 Street,thornless honeylocust
2114457,40.72703019698754,-73.98044944447018,335 East&#x20; 10 Street,willow oak
2114529,40.724722979870194,-73.97863372682284,342 East&#x20; 8 Street,Callery pear
2114530,40.724757062987635,-73.97871449360396,342 East&#x20; 8 Street,Callery pear
2114533,40.72489019987061,-73.97902998843641,342 East&#x20; 8 Street,sawtooth oak
2114537,40.72530585010321,-73.9800149695692,308 East&#x20; 8 Street,Japanese pagoda tree
2114539,40.725398510983126,-73.98023455845386,304 East&#x20; 8 Street,ginkgo
2114540,40.725494632944454,-73.98046234873824,295 East&#x20; 8 Street,thornless honeylocust
2114541,40.725528449342484,-73.98054248684798,295 East&#x20; 8 Street,thornless honeylocust
2116163,40.71383890911292,-73.98387377351948,280 Henry Street,littleleaf linden
2116164,40.71384879540128,-73.98378016199693,280 Henry Street,silver linden
2116165,40.71387045394095,-73.98357507373342,280 Henry Street,littleleaf linden
2116166,40.713881094341964,-73.98347431591552,280 Henry Street,littleleaf linden
2116167,40.71396521313467,-73.98304473749425,290 Henry Street,thornless honeylocust
2116168,40.71398163602722,-73.9828867668889,351 Henry Street&#x20;,thornless honeylocust
2116169,40.713988918652426,-73.98281671677815,351 Henry St&#x20;,thornless honeylocust
2116170,40.713996200663054,-73.98274666590066,351 Henry St,thornless honeylocust
2116171,40.71402109324949,-73.98250720679697,305 Henry Street,thornless honeylocust
2116172,40.7140320156811,-73.98240213112518,305 Henry Street,Japanese pagoda tree
2116173,40.71405735405368,-73.98215838432213,313 Henry Street,thornless honeylocust
2116175,40.71406941265061,-73.98178919558353,317 Henry Street,thornless honeylocust
2116176,40.71408271243739,-73.98166124481821,327 Henry Street,London planetree
2116178,40.71410871781002,-73.98141106449414,327 Henry Street,London planetree
2116179,40.714124317220566,-73.9812911510124,327 Henry Street,London planetree
2116180,40.71413680413453,-73.98116119976949,* Henry St,London planetree
2116187,40.719739452831774,-73.99120483052224,159 Eldridge Street,Kentucky coffeetree
2116188,40.71982081060344,-73.9911632821466,159 Eldridge Street,Japanese pagoda tree
2116189,40.71996408196501,-73.99109011592296,165 Eldridge Street,Japanese pagoda tree
2116190,40.72009200325163,-73.99102478808122,175 Eldridge Street,thornless honeylocust
2116191,40.720158010359455,-73.99099107948119,175 Eldridge Street,thornless honeylocust
2116192,40.72022401802863,-73.99095737081431,175 Eldridge Street,Callery pear
2116193,40.72024363513973,-73.99101695055694,175 Eldridge Street,Japanese pagoda tree
2116194,40.72030677125689,-73.99097779711379,175 Eldridge Street,thornless honeylocust
2116195,40.720374673484415,-73.99095273570997,175 Eldridge Street,thornless honeylocust
2116196,40.72035449633263,-73.99089073663008,175 Eldridge Street,thornless honeylocust
2116197,40.720422323017424,-73.99092297967196,175 Eldridge Street,thornless honeylocust
2116198,40.720406176337775,-73.99086434405032,175 Eldridge Street,thornless honeylocust
2116199,40.72053102805855,-73.99080058355234,184 Eldridge Street,Japanese pagoda tree
2116234,40.719367017167755,-73.98766145185442,120 Essex Street,thornless honeylocust
2116235,40.71949728707469,-73.98759411015222,120 Essex Street,thornless honeylocust
2116286,40.7207947623724,-73.98692440976089,150 Essex Street,thornless honeylocust
2116855,40.72433678491424,-73.97876588897665,113 Avenue C,Callery pear
2116856,40.72425928553194,-73.97882173255778,107 Avenue C,pin oak
2118527,40.7962111230542,-73.93199291157406,500 East 118 Street,Callery pear
2118528,40.79617128841995,-73.93189891057983,500 East 118 Street,Callery pear
2118529,40.79614535572619,-73.93183771568033,502 East 118 Street,Japanese pagoda tree
2118530,40.79606648950998,-73.93165160570899,504 East 118 Street,thornless honeylocust
2118531,40.79599430549234,-73.93148126771038,513 East 118 Street,thornless honeylocust
2118534,40.79589183469121,-73.93098710485577,521 East 118 Street,thornless honeylocust
2118535,40.79593273255329,-73.93108404655237,521 East 118 Street,Amur maackia
2118538,40.79603810826213,-73.93133382267101,515 East 118 Street,thornless honeylocust
2118541,40.7961633317224,-73.93163064892846,503 East 118 Street,thornless honeylocust
2118542,40.79621475269799,-73.93175253873649,503 East 118 Street,Callery pear
2118543,40.79626883909202,-73.93188074341504,501 East 118 Street,Callery pear
2118544,40.796302942067385,-73.93196158209278,501 East 118 Street,Callery pear
2118610,40.72383504924875,-73.9921616013133,273 Bowery,Callery pear
2118611,40.72379399555785,-73.99202659325007,273 Bowery,Callery pear
2118612,40.72375304294505,-73.99189192131142,273 Bowery,Callery pear
2118613,40.72369232782221,-73.99169225940352,273 Bowery,Callery pear
2118640,40.72378089250402,-73.98576311428775,138 East 3 Street,Japanese pagoda tree
2118641,40.724097719935614,-73.98651401081216,118 East 3 Street,Caucasian linden
2118680,40.71993834070662,-73.98456694731674,37 Clinton Street,ginkgo
2118690,40.72116086553961,-73.98503070192675,165 Suffolk Street,swamp white oak
2118691,40.72109538051621,-73.9850641838301,161 Suffolk Street,swamp white oak
2118692,40.72103756943458,-73.98509374295183,161 Suffolk Street,swamp white oak
2118693,40.72085339168954,-73.98518791493952,157 Suffolk Street,shingle oak
2118694,40.720642611453016,-73.98529568680424,151 Suffolk Street,swamp white oak
2118870,40.719865390204525,-73.98343567680097,189 Stanton Street,pin oak
2118872,40.719768689678176,-73.98311817803884,196 Stanton Street,willow oak
2118873,40.71973441566801,-73.98300564712932,196 Stanton Street,pin oak
2119540,40.72987280578712,-73.98506144151968,322 E 11 St,thornless honeylocust
2119541,40.72980582963815,-73.98490274075426,328 East&#x20; 11 Street,thornless honeylocust
2119542,40.72977879967691,-73.98483869322388,330 East 11 Street,thornless honeylocust
2119543,40.72975216836641,-73.98477559201898,330 East&#x20; 11 Street,thornless honeylocust
2119544,40.72972447194983,-73.98470996772139,332 East&#x20; 11 Street,thornless honeylocust
2119545,40.729690117358636,-73.98462856727171,334 East&#x20; 11 Street,thornless honeylocust
2119546,40.72966441887383,-73.98456767520227,338 East&#x20; 11 Street,thornless honeylocust
2119547,40.729637787414404,-73.98450457421401,340 East&#x20; 11 Street,thornless honeylocust
2119548,40.72958479209075,-73.98437900298373,342 East&#x20; 11 Street,Japanese pagoda tree
2119549,40.729537787284066,-73.98426762972024,344 East&#x20; 11 Street,Japanese pagoda tree
2119949,40.72413233085353,-73.99307668843569,87 East Houston Street,Japanese zelkova
2119950,40.72418385239415,-73.99322344378417,77 East Houston Street,Japanese zelkova
2119951,40.7242190437549,-73.99332368414595,75 East Houston Street,Japanese zelkova
2119952,40.72424135372386,-73.99338723417458,73 East Houston Street,ginkgo
2120000,40.72414949368377,-73.99362275778972,268 Elizabeth Street,Callery pear
2120002,40.72428423592186,-73.99356780012025,284 Mott Street,Callery pear
2120862,40.71979624232711,-73.97797338735754,10 Avenue D,scarlet oak
2120926,40.71968051214099,-73.98372677797506,141 Attorney Street,ginkgo
2121470,40.71567355756665,-73.98043459259186,275 Delancey Street,bald cypress
2121471,40.71565250888244,-73.98036523416765,275 Columbia Street,bald cypress
2121472,40.715620785587255,-73.98026069351515,275 Columbia Street,bald cypress
2121610,40.723779547366824,-73.97639461251269,402 East&#x20; 8 Street,Japanese pagoda tree
2121657,40.72353904437665,-73.97953560194651,654 East&#x20; 6 Street,thornless honeylocust
2121658,40.7235849365852,-73.97964447285598,652 East&#x20; 6 Street,thornless honeylocust
2121659,40.72365517168179,-73.97981109706419,650 East&#x20; 6 Street,thornless honeylocust
2121680,40.723876884006714,-73.98005023235987,631 East&#x20; 6 Street,thornless honeylocust
2121682,40.72370597758728,-73.9796447012043,650 East&#x20; 6 Street,thornless honeylocust
2121683,40.72365876104386,-73.97953266847652,89 Avenue C,thornless honeylocust
2121684,40.7236274119253,-73.97928338316025,89 Avenue C,thornless honeylocust
2121685,40.72370053133237,-73.97923054544984,89 Avenue C,thornless honeylocust
2121686,40.72376402930804,-73.97918465928359,89 Avenue C,thornless honeylocust
2121687,40.723857833426216,-73.9791168728098,99 Avenue C,thornless honeylocust
2121688,40.72393095218289,-73.9790640354858,99 Avenue C,thornless honeylocust
2121696,40.72461878044431,-73.98002321871364,209 East&#x20; 7 Street,swamp white oak
2121700,40.72491700126332,-73.98073158108082,185 East&#x20; 7 Street,London planetree
2121912,40.72488361427403,-73.97874986372825,339 East&#x20; 8 Street,sawtooth oak
2121913,40.724923359729594,-73.97884424315167,339 East&#x20; 8 Street,sawtooth oak
2121914,40.724967756060636,-73.97894967011541,337 East&#x20; 8 Street,Japanese pagoda tree
2121918,40.72517963871196,-73.97945281667928,323 East&#x20; 8 Street,Callery pear
2121919,40.725217787526546,-73.97954340847174,319 East&#x20; 8 Street,thornless honeylocust
2121920,40.72523892248605,-73.97959359800629,319 East&#x20; 8 Street,thornless honeylocust
2121921,40.72537304101214,-73.97991209257773,309 East&#x20; 8 Street,thornless honeylocust
2121924,40.72544681334696,-73.98008728005607,303 East&#x20; 8 Street,thornless honeylocust
2121925,40.72547871421173,-73.98016303722848,303 East&#x20; 8 Street,thornless honeylocust
2121926,40.72553972529813,-73.98030792171649,299 East&#x20; 8 Street,thornless honeylocust
2121928,40.71949131898994,-73.98491697222279,61 Clinton Street,thornless honeylocust
2121953,40.72675054217499,-73.97951775181758,347 East&#x20; 10 Street,thornless honeylocust
2121954,40.72671661178922,-73.97943728282078,349 East&#x20; 10 Street,goldenrain tree
2121955,40.72663651029496,-73.97924731435566,355 East&#x20; 10 Street,thornless honeylocust
2121958,40.72653551758432,-73.9790078053334,361 East&#x20; 10 Street,thornless honeylocust
2121959,40.726475374456975,-73.97886517377134,361 East&#x20; 10 Street,thornless honeylocust
2121962,40.72627591667428,-73.97839215303289,379 East&#x20; 10 Street,thornless honeylocust
2121963,40.72625023660569,-73.97833124919337,381 East&#x20; 10 Street,thornless honeylocust
2121964,40.726219232152985,-73.97825772409814,383 East&#x20; 10 Street,Callery pear
2121965,40.726185967358816,-73.97817883536062,383 East&#x20; 10 Street,Callery pear
2121966,40.72615190331173,-73.97809805358578,383 East&#x20; 10 Street,Callery pear
2122290,40.72230840365596,-73.9785071610778,729 East&#x20; 5 Street,London planetree
2122291,40.722343817524106,-73.97859107964088,725 East&#x20; 5 Street,Japanese zelkova
2122295,40.72241831951157,-73.98037583686013,293 East&#x20; 4 Street,ginkgo
2122296,40.72247531390614,-73.98051085510355,293 East&#x20; 4 Street,ginkgo
2122301,40.72274164222339,-73.98114178423323,277 East&#x20; 4 Street,thornless honeylocust
2122304,40.72285216704542,-73.98140362155458,269 East&#x20; 4 Street,Callery pear
2122305,40.72313125460844,-73.98204847335113,250 East&#x20; 4 Street,Kentucky coffeetree
2122306,40.723159854441384,-73.9821110999224,246 East&#x20; 4 Street,Kentucky coffeetree
2122308,40.72324923106928,-73.98229897750542,246 East&#x20; 4 Street,Kentucky coffeetree
2122336,40.72526616337349,-73.98183141782847,168 E 7 St,thornless honeylocust
2122345,40.724231386889,-73.98306891624401,558 E 5 St,Kentucky yellowwood
2122379,40.719658148096734,-73.9777313453832,442 East Houston Street,thornless honeylocust
2122380,40.719550979147996,-73.97747945147661,442 East Houston Street,thornless honeylocust
2122381,40.71952284842253,-73.97741332933782,442 East Houston Street,thornless honeylocust
2122382,40.71936660953895,-73.97684466966624,484 East Houston Street,thornless honeylocust
2122383,40.719822250580194,-73.97812003591662,10 Avenue D,pin oak
2122510,40.72066877459935,-73.98516100967316,166 Suffolk Street,sawtooth oak
2122511,40.72072288560805,-73.98513288335451,166 Suffolk Street,swamp white oak
2122513,40.72118181082525,-73.98489434654202,178 Suffolk Street,Caucasian linden
2122599,40.72048047113965,-73.98428729447677,28 Clinton Street,Callery pear
2122600,40.720567453339726,-73.98424285432222,20 Clinton Street,Callery pear
2122603,40.72084845832753,-73.98409730845353,16 Clinton Street,Callery pear
2122604,40.72095294520569,-73.98404502012411,8 Clinton Street,Callery pear
2124602,40.71960689399438,-73.98259125080118,210 Stanton Street,Japanese flowering cherry
2125464,40.71271730383574,-73.99744521296363,8 Henry Street,willow oak
2125465,40.71272364660906,-73.99737282718115,8 Henry Street,willow oak
2128231,40.72571748344062,-73.99781111216777,25 West Houston Street&#x20;,Japanese zelkova
2128234,40.72595708967557,-73.99830945303893,25 West Houston Street&#x20;,Japanese zelkova
2128235,40.725938572928996,-73.99847843119012,150 Greene Street,Japanese zelkova
2128445,40.72630507531114,-73.9992454158292,158 Wooster Street,London planetree
2128446,40.72604893810864,-73.99946226775414,150 Wooster Street,Japanese zelkova
2128447,40.72581126236564,-73.99966348917306,140 Wooster Street,Japanese flowering cherry
2131220,40.721174014419354,-73.98131250793193,254 East&#x20; 2 Street,Shumard's oak
2132906,40.795603542248394,-73.93221514653388,501 East 117 Street,thornless honeylocust
2132907,40.795568963328435,-73.9321346589376,508 East 117 Street,sweetgum
2132912,40.79556640182995,-73.93242219246626,500 East 117 Street,thornless honeylocust
2132913,40.795528376772715,-73.93233597861214,500 East 117 Street,thornless honeylocust
2132914,40.795474922855085,-73.93221477939454,508 East 117 Street,thornless honeylocust
2133075,40.79589005968799,-73.93318712995526,450 East 117 Street,Callery pear
2133076,40.795800115762866,-73.93297193545637,452 East 117 Street,dawn redwood
2133818,40.796185422704355,-73.93245295244854,331 Pleasant Avenue,ginkgo
2133854,40.79593151149737,-73.93302178237596,455 East 117 Street,Japanese zelkova
2134171,40.70846495226819,-74.0020158929763,1 Peck Slip,Japanese zelkova
2134172,40.70840054069554,-74.00194848320585,1 Peck Slip,London planetree
2137213,40.715224004199754,-73.98021463864386,63 Broome Street,Japanese pagoda tree
2137214,40.715330966957175,-73.98015813414693,63 Broome Street,bald cypress
2137216,40.715529653071535,-73.97996183152951,63 Broome Street,bald cypress
2137217,40.715487638842085,-73.97982462660191,63 Broome Street,bald cypress
2137218,40.71546407013331,-73.97974765870117,63 Broome Street,bald cypress
2139908,40.76144764382856,-73.99196593635973,420 West&#x20; 46 Street,ginkgo
2139909,40.76147886926186,-73.99203975035596,422 West&#x20; 46 Street,ginkgo
2139910,40.761506358333065,-73.99210473292956,424 West&#x20; 46 Street,ginkgo
2139911,40.7615597367251,-73.99223090890177,428 West&#x20; 46 Street,ginkgo
2139912,40.76158669266606,-73.9922946282695,430 West&#x20; 46 Street,ginkgo
2139913,40.7616200522601,-73.99237349001694,430 West&#x20; 46 Street,ginkgo
2139914,40.7616542147612,-73.99245424313216,445 West&#x20; 46 Street,ginkgo
2139915,40.761680903496746,-73.99251733250115,445 West&#x20; 46 Street,ginkgo
2139916,40.761707858706984,-73.99258105210079,449 West&#x20; 46 Street,ginkgo
2139917,40.76173508096284,-73.99264540343657,451 West&#x20; 46 Street,ginkgo
2139918,40.761762303182664,-73.99270975557701,444 West&#x20; 46 Street,ginkgo
2139919,40.76180260257058,-73.99280501976249,446 West&#x20; 46 Street,ginkgo
2139920,40.761841301689714,-73.99289649920753,448 West&#x20; 46 Street,ginkgo
2139921,40.761867989610444,-73.992959588179,450 West&#x20; 46 Street,ginkgo
2139922,40.76189521108239,-73.99302393982428,454 West&#x20; 46 Street,pin oak
2139923,40.761962199151846,-73.9931822950438,454 West 46 Street,ginkgo
2139924,40.762009437585114,-73.99329396342927,460 West&#x20; 46 Street,ginkgo
2141017,40.761572964514734,-73.99206086237452,433 West&#x20; 46 Street,ginkgo
2141019,40.76164826678825,-73.99223226051902,437 W 46 St,ginkgo
2141020,40.76168964161014,-73.99231915467482,439 W 46 St,thornless honeylocust
2141021,40.761740311487216,-73.9924433152523,445 W 46 St,ginkgo
2141260,40.71587834894724,-73.98111380947738,24 Columbia Street,thornless honeylocust
2141261,40.71590801853944,-73.9812108828777,24 Columbia Street,London planetree
2141262,40.71593666565443,-73.98130460786096,24 Columbia Street,thornless honeylocust
2141263,40.71596480063933,-73.98139666092645,24 Columbia Street,London planetree
2141264,40.71599293555026,-73.98148871256666,24 Columbia Street,London planetree
2141265,40.7160251622223,-73.98159415382318,24 Columbia Street,London planetree
2141266,40.71605380959691,-73.9816878806388,,London planetree
2141267,40.71608654756272,-73.98179499634716,,pin oak
2141268,40.716112636254536,-73.9818803535361,,pin oak
2141269,40.7161438401921,-73.98198244815013,25 Bialystoker Place,London planetree
2141271,40.71620675983764,-73.98218831117856,* Delancey St,London planetree
2141272,40.71623540386868,-73.98228203850569,25 Bialystoker Place,London planetree
2141273,40.71626763152857,-73.98238748052897,#x20;&#x20;&#x20;&#x20;,London planetree
2142455,40.72100111476657,-73.98180604220514,247 East&#x20; 2 Street,ginkgo
2142456,40.721037265900186,-73.98192458302049,245 East&#x20; 2 Street,ginkgo
2142457,40.721058100174254,-73.98199289312971,245 East&#x20; 2 Street,ginkgo
2142458,40.721084141816355,-73.9820782823298,243 East&#x20; 2 Street,ginkgo
2142459,40.72115756874456,-73.98231904563323,237 East&#x20; 2 Street,thornless honeylocust
2143704,40.715958831234246,-73.98642433164179,408 Grand Street,swamp white oak
2143705,40.71592817219404,-73.98632233958249,408 Grand Street,swamp white oak
2143706,40.715898925461794,-73.98622504509784,408 Grand Street,swamp white oak
2143732,40.712260227435955,-73.98481596577895,340 Cherry Street,thornless honeylocust
2143735,40.71206965768252,-73.984791622154,340 Cherry Street,ginkgo
2143736,40.71188153827218,-73.98476356956385,340 Cherry Street,London planetree
2143740,40.71166565279755,-73.98472746767129,75 Montgomery Street,willow oak
2143763,40.71257336025192,-73.9808376640457,35 Jackson Street,American hornbeam
2143764,40.712631867705994,-73.9808445075466,35 Jackson Street,American hornbeam
2144184,40.72024881862551,-73.98032132001717,128 Pitt Street,thornless honeylocust
2144185,40.72028852895582,-73.9804519745034,128 Pitt Street,cucumber tree
2144186,40.72032925926651,-73.98058598086538,128 Pitt Street,thornless honeylocust
2144187,40.72036998827698,-73.98071998513674,128 Pitt Street,cucumber tree
2144188,40.72041071770323,-73.98085399032325,128 Pitt Street,thornless honeylocust
2144189,40.720451446401555,-73.98098799642536,128 Pitt Street,thornless honeylocust
2144190,40.720492174943566,-73.9811220019396,128 Pitt Street,thornless honeylocust
2144193,40.72015835334851,-73.98154526653971,128 Pitt Street,Callery pear
2144194,40.720117413466276,-73.9815661565178,128 Pitt Street,Callery pear
2144195,40.72007647415199,-73.98158704722158,128 Pitt Street,Callery pear
2144196,40.71995621660819,-73.98164841149527,128 Pitt Street,Callery pear
2144197,40.71991271799775,-73.98167060602202,128 Pitt Street,Callery pear
2144198,40.719869220526704,-73.98169280277413,128 Pitt Street,Callery pear
2145854,40.71357041941607,-73.98838202102546,179 Henry Street,thornless honeylocust
2145855,40.713585290680705,-73.98820018313738,179 Henry Street,thornless honeylocust
2145898,40.71391401183182,-73.98450062218386,265 Henry Street,Callery pear
2145899,40.713923198964906,-73.98441307392356,267 Henry Street,Callery pear
2145902,40.71401476354773,-73.98379134153663,280 Henry Street,pin oak
2145903,40.71402481414922,-73.98369557440611,280 Henry Street,pin oak
2145908,40.71407195021499,-73.98299551020523,290 Henry Street,Japanese pagoda tree
2145909,40.71408001187057,-73.98291868275871,290 Henry St,white oak
2145910,40.71409347125842,-73.9827903984902,301 Henry Street,London planetree
2145911,40.71410456939387,-73.98268462531016,301 Henry Street,pin oak
2145912,40.71411435584128,-73.98259135820396,301 Henry Street,pin oak
2145913,40.714142363196316,-73.9823244258273,309 Henry Street,thornless honeylocust
2145914,40.714151923811905,-73.98223330346701,309 Henry Street,thornless honeylocust
2145915,40.71416410858147,-73.98211716732342,313 Henry Street,London planetree
2145916,40.7141767066211,-73.98199710291438,317 Henry Street,London planetree
2145917,40.71418641657126,-73.98190455181029,317 Henry Street,London planetree
2145942,40.71350479017057,-73.98796186030317,191 Henry Street,pin oak
2145943,40.71349368123338,-73.98809851589628,181 Henry Street,willow oak
2145944,40.71348309583784,-73.98822871524786,179 Henry Street,pin oak
2145945,40.713472570264244,-73.98835819837184,179 Henry Street,willow oak
2146516,40.71429016495847,-73.99001447536658,,American basswood
2146517,40.71424243644203,-73.98983181351288,,American basswood
2146518,40.714219162188456,-73.98974357616139,* E Broadway,American basswood
2146523,40.71403414550953,-73.98860886836204,197 East Broadway,Siberian elm
2146585,40.72313374048057,-73.97677024766325,282 East&#x20; 7 Street,Chinese elm
2173517,40.69172695965772,-73.99204302945382,62 Livingston Street,Callery pear
2534441,40.67857015750464,-73.98768426382838,317 Nevins Street,dawn redwood
2534462,40.68011888838373,-73.98988294974886,475 Union Street,silver maple
2946399,40.69252846235909,-73.99436383280346,19 Sidney Place,Freeman maple
3149328,40.6930302484481,-73.99467665420681,118 Joralemon Street,Norway maple
3206534,40.72605056919151,-73.97785301460128,393 East 10 Street,Callery pear
3343821,40.692919820871566,-73.99337001141431,153 Joralemon Street,ginkgo
3344264,40.694162944460864,-73.9962882309706,60 Remsen Street,Norway maple
3346831,40.69491898920852,-73.99734431947178,25 Remsen Street,London planetree
3348672,40.69515640605807,-73.9930559167444,114 Pierrepont Street,Japanese zelkova
3348711,40.6965436132758,-73.99351418264382,138 Henry Street,London planetree
3348940,40.69500289263989,-73.99249612260557,126 Pierrepont Street,London planetree
3349344,40.67649386595347,-73.98494573272153,522 Carroll Street,littleleaf linden
3350306,40.692099147798565,-73.99467405633077,32 Sidney Place,Callery pear
3351255,40.69510542091665,-73.9928699968058,118 Pierrepont Street,London planetree
3352640,40.69321126213709,-73.99573868206708,94 Joralemon Street,London planetree
3353640,40.69279849839408,-73.99256113783352,180 Remsen Street,Callery pear
3354427,40.69290552703146,-73.99513572792543,257 Henry Street,northern red oak
3354623,40.6958653254458,-73.9927071965059,40 Monroe Place,London planetree
3355032,40.69328851778251,-73.9956352868018,99 Joralemon Street,sawtooth oak
3356280,40.69117887432762,-73.99523962257912,122 State Street,thornless honeylocust
3356309,40.69529960435,-73.99297628374482,119 Pierrepont Street,London planetree
3357384,40.69121436735486,-73.9924364906765,31 Schermerhorn Street,London planetree
3357595,40.69517090922009,-73.99277595161551,119 Pierrepont Street,Callery pear
3357651,40.693324045312394,-73.99583398309036,99 Joralemon Street,London planetree
3359033,40.691278612411864,-73.99559946374382,303 Henry Street,London planetree
3361244,40.69324884839037,-73.99541342039785,105 Joralemon Street,silver linden
3363734,40.67437626291204,-73.9851601744119,302 2 St,Japanese flowering cherry
3364057,40.69219530732869,-73.99650968613278,38 Garden Place,thornless honeylocust
3364450,40.691348084381886,-73.99291976376477,19 Schermerhorn Street,thornless honeylocust
3364773,40.69282089908901,-73.99326611327638,150 Joralemon Street,thornless honeylocust
3365027,40.69271300453309,-73.99426965401771,1 Sidney Place,thornless honeylocust
3365271,40.69234548117881,-73.99401255406008,19 Sidney Place,thornless honeylocust
3366033,40.69297552494715,-73.99374003920416,141 Joralemon Street,pin oak
3367302,40.69132803837066,-73.99493442782516,109 State Street,American basswood
3367431,40.69351643631784,-73.99263544634445,99 Clinton Street,Callery pear
3367966,40.69919046101932,-73.9922509955446,52 Henry Street,European hornbeam
3368265,40.691942039564864,-73.9947500994775,38 Sidney Place,Callery pear
3368551,40.69282184189862,-73.9943242539917,2 Sidney Place,London planetree
3368776,40.692037717773616,-73.99287992287903,38 Livingston Street,London planetree
3368798,40.67633142475069,-73.98482588014049,534 Carroll Street&#x20;,dawn redwood
3369501,40.69315476835087,-73.99493078212575,115 Joralemon Street,ginkgo
3369541,40.69240987527481,-73.99424999483972,19 Sidney Place,Norway maple
3369864,40.69137048434647,-73.99562762493277,99 State Street,Norway maple
3536813,40.69283794408106,-73.99420030541846,1 Sidney Place,London planetree
3637450,40.691333813225356,-73.99549780668087,99 State Street,pin oak
3637795,40.6929468744906,-73.99354971950224,149 Joralemon Street,London planetree
3637854,40.69701136317224,-73.99329083564152,124 Henry Street,thornless honeylocust
3638233,40.694702726879704,-73.99655511351203,51 Remsen Street,London planetree
3638725,40.69912654204557,-73.99228175058006,52 Henry Street,European hornbeam
3638753,40.69308937772595,-73.99449636886398,129 Joralemon Street,green ash
3641679,40.69214008672759,-73.9964214630684,35 Garden Place,thornless honeylocust
3644372,40.69263738455599,-73.99430666163363,19 Sidney Place,thornless honeylocust
3644415,40.69486915474682,-73.99716245531624,35 Remsen Street,London planetree
3645572,40.69203272790638,-73.99355742715974,150 Clinton Street,American basswood
3647116,40.693188307038575,-73.99561019276638,98 Joralemon Street,London planetree
3647908,40.69313772858805,-73.99481758027986,115 Joralemon Street,green ash
3648487,40.692913328788265,-73.99388391065706,136 Joralemon Street,London planetree
3650198,40.693305089369936,-73.99572796448086,99 Joralemon Street,Japanese pagoda tree
3650425,40.69532219634437,-73.99366049676892,96 Pierrepont Street,Norway maple
3652241,40.69243345943958,-73.99433695402924,19 Sidney Place,London planetree
3653300,40.695908684034265,-73.99268657313907,38 Monroe Place,Norway maple
3655710,40.69302590116525,-73.99407469248912,137 Joralemon Street,Norway maple
3657090,40.692040424775655,-73.99470248022712,34 Sidney Place,London planetree
3657142,40.692986495382875,-73.99381291239503,141 Joralemon Street,Callery pear
3657266,40.69497218962913,-73.99238416393689,128 Pierrepont Street,London planetree
3657984,40.695069694762005,-73.99273971741435,120 Pierrepont Street,London planetree
3658189,40.69130720043409,-73.9927720024827,21 Schermerhorn Street,European hornbeam
3658665,40.69230072775588,-73.99415788957631,21 Sidney Place,Norway maple
3658784,40.693267051362746,-73.99551522726907,103 Joralemon Street,American basswood
3659437,40.69521461239525,-73.99293542025526,119 Pierrepont Street,Callery pear
3660857,40.69237450004797,-73.99411955541936,19 Sidney Place,Callery pear
3661086,40.67463008589693,-73.98494818803827,283 4 Avenue&#x20;,ginkgo
3661246,40.69223639869893,-73.99357390733051,144 Clinton Street,London planetree
3661314,40.69474071602818,-73.99395708195588,135 Montague Street,ginkgo
3662647,40.692842497911585,-73.99341047764848,150 Joralemon Street,thornless honeylocust
3904834,40.71347964902866,-73.98947631740377,155 Henry Street,Japanese pagoda tree
3904835,40.713306984850846,-73.9903327346502,142 Henry Street,European hornbeam
3904836,40.71329865396746,-73.99042902103741,142 Henry Street,European hornbeam
3904837,40.71329416852437,-73.99050443185283,140 Henry Street,European hornbeam
4596928,40.72709991839608,-73.9805745556559,331 East 10 Street,eastern redbud
4598986,40.71232939364558,-73.97958916894846,480 Cherry St,ginkgo
4598990,40.7124221804096,-73.97850266720222,453 F D R Drive,ginkgo
4598994,40.71240360168066,-73.9785203976959,502 Cherry St,ginkgo
4598996,40.71239929375256,-73.97859517624687,502 Cherry St,ginkgo
4599001,40.71233926761156,-73.9794748307499,484 Cherry St,ginkgo
4599002,40.71234247578585,-73.9793833374198,488 Cherry St,ginkgo
4599006,40.71239353204616,-73.97869076083641,500 Cherry St,ginkgo
4599015,40.7124168499819,-73.97866627303392,453 F D R Drive,ginkgo
4599016,40.712425738529966,-73.97842438619413,453 F D R Drive,ginkgo
4599022,40.71237006318029,-73.9790113174381,498 Cherry St,ginkgo
4599345,40.71333429277858,-73.99139720158014,125 Henry Street,ginkgo
4599653,40.72253780347361,-73.98091018955368,290 East 4 Street,thornless honeylocust
4600465,40.722994193039746,-73.98197662165812,254 East 4 Street,Kentucky coffeetree
4604009,40.726846986129516,-73.97972491138196,347 East 10 Street,London planetree
4606812,40.724375518663614,-73.9831077105187,527 East 5 Street,swamp white oak
4608442,40.72129400236584,-73.98157660053293,252 East&#x20; 2 Street,London planetree
4608584,40.721095836555165,-73.97803324674557,33 Avenue D,pin oak
4608908,40.69186125898713,-73.99216894737923,59 Livingston Street,English oak
4609673,40.711280831275225,-73.98666377960328,253 Clinton Street,Japanese pagoda tree
4612420,40.71422881113895,-73.98900598496733,185 East Broadway,silver linden
4612428,40.71422107541293,-73.9890893558959,185 East Broadway,silver linden
4613392,40.72596660656826,-73.98319477520073,132 East 7 Street,Chinese elm
4613519,40.71423580173804,-73.98891689895038,187 East Broadway,Chinese elm
4613535,40.71435229531608,-73.98570706459718,253 East Broadway,Chinese elm
4613536,40.714234266663986,-73.98896144013354,187 East Broadway,Chinese elm
4614207,40.715628175277736,-73.99070357162616,29 Ludlow Street,Japanese zelkova
4622214,40.68999004989893,-73.99083408850646,205 State St,Callery pear
4625955,40.689854429497224,-73.99041770419942,205 State St,Callery pear
4627153,40.68559619009871,-73.99441866608882,248 Court Street,London planetree
5032669,40.7433864384404,-73.99996379621106,195 8 Avenue,Japanese zelkova
5239728,40.72124407093817,-73.98486262236361,180 Suffolk Street,Caucasian linden
5240533,40.721345324361145,-73.98480936160672,180 Suffolk Street,Caucasian linden
5241332,40.72129886690659,-73.98483442550669,180 Suffolk Street,Caucasian linden
5242532,40.71841275723211,-73.98305525961953,203 Rivington Street,hardy rubber tree
5243733,40.718324489648424,-73.98276558254148,203 Rivington Street,hardy rubber tree
5374206,40.69236268018937,-73.99439052549525,21 Sidney Place,London planetree
5664325,40.72254032784685,-73.9938422176282,10 Prince Street,hedge maple
5778757,40.71197678316803,-73.98477604639412,340 Cherry Street,London planetree
5782990,40.711737794254674,-73.98474008346165,75 Montgomery Street,sawtooth oak
5783010,40.71256957514428,-73.99193221166966,122 Henry Street,shingle oak
5784137,40.74698528032367,-73.91612358230033,39-076 48 Street,London planetree
5785036,40.71117609665839,-73.98664722387784,255 Clinton Street,Japanese pagoda tree
5789305,40.71260322242281,-73.99154867006283,122 Henry Street,pin oak
5917607,40.72150619713156,-73.98485413002456,188 Suffolk Street,pin oak
5929596,40.719901211454584,-73.98327251740018,196 Stanton St,pin oak
5930797,40.719886913543704,-73.98350634292912,189 Stanton Street,pin oak
5930798,40.72102866541874,-73.98497394815342,176 Suffolk Street,katsura tree
6134272,40.719529910583255,-73.98478003372605,50a Clinton St,Japanese zelkova
6134273,40.71963535476648,-73.98472579997582,50 Clinton Street,Japanese zelkova
6505691,40.7244979252363,-73.97999626876273,210 E 7 St,thornless honeylocust
6505692,40.72422322394536,-73.97935036321942,224 East&#x20; 7 Street,Callery pear
6525292,40.72365200680189,-73.9915670017213,273 Bowery St,Callery pear
6544542,40.7242665188701,-73.98313670699922,528 East&#x20; 5 Street,Amur maackia
6582154,40.72302756215966,-73.98206273365143,252 East&#x20; 4 Street,Kentucky coffeetree
6582160,40.72296440837911,-73.98163983561962,258 West&#x20; 4 Street,Kentucky coffeetree
6582161,40.72299658604399,-73.98171498709955,258 East&#x20; 4 Street,thornless honeylocust
6582162,40.72302518868881,-73.98178700694439,256 East&#x20; 4 Street,Kentucky coffeetree
6582163,40.723074049601514,-73.981904432518,254 East&#x20; 4 Street,Kentucky coffeetree
6582164,40.723102652617726,-73.9819795844643,252 East&#x20; 4 Street,Kentucky coffeetree
10097588,40.72441761045205,-73.97951956844594,217 East&#x20; 7 Street,Japanese pagoda tree
10097970,40.7244531889299,-73.97962989831677,217 East&#x20; 7 Street,Callery pear
10162200,40.72080758109128,-73.97824237459925,23 Avenue D,silver linden
10164127,40.7254187218357,-73.98219192674924,158 East 7 Street,Japanese pagoda tree
10164129,40.72590732827395,-73.98334743620151,132 East 7 Street,thornless honeylocust
10164543,40.7272154715909,-73.98060561251413,329 East 10 Street,thornless honeylocust
10165397,40.72587098035379,-73.98325740532096,132 East 7 Street,thornless honeylocust
10183245,40.71271998587939,-73.9975861656234,8 Henry Street,Japanese pagoda tree
10183247,40.71354791314899,-73.9874313761187,201 Henry Street,elm
10183252,40.71293777438426,-73.98749451036963,227 Madison Street,hackberry
10183640,40.71360355460561,-73.98812617844034,179 Henry St,Kentucky coffeetree
10183642,40.71404720855532,-73.98327315762351,293 Henry St,Kentucky coffeetree
10183644,40.71509689663008,-73.99085497892384,13 Ludlow Street,European hornbeam
10183645,40.71517210802549,-73.99081654738976,15 Ludlow Street,European hornbeam
10187626,40.72397894410813,-73.98622050081677,126 East 3 Street,dawn redwood
10187627,40.72388956998962,-73.98600051600854,136 East 3 Street,dawn redwood
10202012,40.713736280268066,-73.98483357908192,25 Montgomery St,common hackberry
10202530,40.71249263483006,-73.98485368698151,35 Montgomery Street,common hackberry
10266321,40.72243873576564,-73.99420572569822,212 Elizabeth Street,Amur maackia
10266702,40.74572471978565,-74.00203132153749,195 9 Avenue,Japanese zelkova
10267517,40.722518744468196,-73.99417459281233,212 Elizabeth Street,Amur maackia
10340920,40.72767924912554,-73.98223239467262,153 Avenue A,Callery pear
10408119,40.71136551702125,-73.98667458386078,251 Clinton Street,Japanese pagoda tree
10622703,40.724218700035436,-73.99359452944404,269 Elizabeth Street,hardy rubber tree
11139378,40.713737299241174,-73.98855370495652,179 Henry Street,Amur maackia
11139408,40.72480638455142,-73.97856647183758,127 Avenue C,American hornbeam
11139411,40.72503674391984,-73.97911349236999,331 East&#x20; 8 Street,chokecherry
11139413,40.725113440744906,-73.97929562220827,327 East&#x20; 8 Street,chokecherry
11139414,40.725072633326484,-73.97919871861492,327 East&#x20; 8 Street,chokecherry
11139780,40.72479114604796,-73.97879525896447,342 East&#x20; 8 Street,American basswood
11184430,40.71257195356215,-73.99170961825656,122 Henry Street,pin oak
11184820,40.71265169990542,-73.99092317441165,122 Henry Street,pin oak
11185841,40.72722770648354,-73.98431125596855,103 St Marks Place,Japanese pagoda tree
11331381,40.72420352879509,-73.98300329061692,532 E 5 St,Kentucky yellowwood
11484349,40.72391066977404,-73.99360774010061,260 Elizabeth Street,thornless honeylocust 
11537346,40.7244241359468,-73.9832381545449,523 East&#x20; 5 Street,Japanese pagoda tree
11537350,40.724440223550694,-73.97585342799927,743 East&#x20; 9 Street,Japanese pagoda tree
11537351,40.72440439041016,-73.9757538980209,743 E 9 St,Japanese pagoda tree
11537810,40.72448631371246,-73.9759625698616,743 East&#x20; 9 Street,Japanese pagoda tree
11537811,40.724590750492595,-73.97620987577494,742 East&#x20; 9 Street,Japanese pagoda tree
11775832,40.72552605530519,-73.98244719437722,150 East&#x20; 7 Street,northern red oak
11783528,40.72503691676699,-73.97937766421384,324 East&#x20; 8 Street,Japanese pagoda tree
11789072,40.72455211273606,-73.97609871805707,742 E 9 St,mulberry
11790392,40.726391788093196,-73.97867321369083,371 East&#x20; 10 Street,Japanese pagoda tree
12158964,40.72555395017887,-73.98059185938914,121 Avenue B,thornless honeylocust
12158994,40.71389274816093,-73.98470323249157,263 Henry Street,bur oak
12216772,40.72417892252612,-73.98670646840337,114 East 3 Street,dawn redwood
12230457,40.72143219466422,-73.98488196754221,180 Suffolk Street,bur oak
12400955,40.72610160519153,-73.97797877381615,391 East&#x20; 10 Street,Kentucky coffeetree
12401352,40.71215959635554,-73.98480221029395,* Montgomery St,thornless honeylocust
12776279,40.71988109583987,-73.98459642881426,40 Clinton Street,thornless honeylocust
13318004,40.7161007247025,-73.98166093081406,251 Delancey St,swamp white oak
13318005,40.71615686561901,-73.98185751916083,249 Delancey St,swamp white oak
13377139,40.76153837049092,-73.9919787717353,429 West 46 Street,Japanese zelkova
13765569,40.72101439467077,-73.98090810585796,262 East 2 Street,Japanese flowering cherry
13846309,40.712067826289356,-73.98999357596875,48 Rutgers Street&#x20;,American basswood
13846310,40.7125166380319,-73.99057967686652,200 Madison Street,London planetree
13851722,40.71252352473984,-73.99048494740863,200 Madison Street&#x20;,London planetree
13851723,40.712534502244644,-73.99037695813183,200 Madison Street&#x20;,London planetree
13851725,40.71413451883028,-73.98242857802809,305 Henry Street,pin oak
13851726,40.71409593843139,-73.9815340102047,317 Henry Street,London planetree
13851729,40.7233188765191,-73.979305480864,84 Avenue C,pin oak
13851734,40.727181597367554,-73.98419786604288,107 St Marks Place,Japanese zelkova
13851735,40.72681943956959,-73.98333175743102,125 St Marks Pl,American elm
13852122,40.712546376401036,-73.99027051524595,200 Madison Street&#x20;,London planetree
13852124,40.714056038496565,-73.98191786099693,317 Henry Street,Japanese zelkova
13852135,40.72689984594584,-73.98377931933327,122 St Marks Pl,American elm
13862668,40.72642574302826,-73.97874746957648,367 East&#x20; 10 Street,elm
13868739,40.725423020240726,-73.98003077805744,307 East&#x20; 8 Street,elm
13868740,40.72482549620973,-73.97887665794198,334 East&#x20; 8 Street,elm
13869137,40.72540055657536,-73.97997743179646,307 East&#x20; 8 Street,elm
13883295,40.720610805647944,-73.98701932261855,150 Essex Street,Japanese zelkova
13883296,40.72071811317556,-73.98696395778818,150 Essex Street,Japanese zelkova
13883694,40.72717756963535,-73.9807983046672,327 East&#x20; 10 Street,eastern redbud
14022435,40.7271195488227,-73.98063047419326,331 E 10 St,littleleaf linden
14022437,40.718463916034445,-73.98291922315688,206 Rivington Street,American elm
14042109,40.72119920225827,-73.98165807054684,249 East&#x20; 2 Street,pin oak
14051154,40.72121630509519,-73.98141286251702,254 East&#x20; 2 Street,Unknown
14051168,40.71903534763422,-73.98068071597292,83 Columbia Street,American basswood
14051169,40.71963158612743,-73.97765687411649,442 East Houston Street,American elm
14051522,40.72406350130483,-73.98644515096899,118 East 3 Street,American basswood
14051576,40.71917696021248,-73.97591294948883,500 East Houston Street,pin oak
14051578,40.71919387877015,-73.98121354750366,100 Pitt Street,American basswood
14051585,40.7192965807225,-73.98153110599141,100 Pitt Street,American basswood
14051588,40.71924882987262,-73.97631461794194,484 East Houston Street,American elm
14085341,40.71242348673115,-73.98065084456726,32 Jackson St,Kentucky coffeetree
14085342,40.71251565312082,-73.98066190447463,32 Jackson St,Kentucky coffeetree
14090746,40.714006589954145,-73.98386924197429,280 Henry Street,pin oak
14103652,40.7142191243105,-73.98911919920882,183 E Broadway,thornless honeylocust
14103653,40.714208415476456,-73.98926256994864,179 E Broadway,thornless honeylocust
14103654,40.714329294554084,-73.98979465483862,171 East Broadway&#x20;,thornless honeylocust
14103655,40.71421439896823,-73.98918222790324,181 East Broadway,thornless honeylocust
14103656,40.71424223383341,-73.98885977675863,189 Jefferson Street,Chinese elm
14108386,40.72034866774455,-73.98715457424521,140 Essex Street,Japanese zelkova
14113602,40.71250492960159,-73.99075222101028,200 Madison Street,pin oak
14121311,40.71261837329841,-73.99131536091977,122 Henry St,pin oak
14121312,40.71257075813462,-73.99181714025234,122 Henry Street,pin oak
14177518,40.7197745494434,-73.98174111020175,Opp 115 Pitt Street,hophornbeam
14177850,40.71970290558192,-73.9817776687283,Opp 115 Pitt Street,hophornbeam
14352356,40.72283654838697,-73.99405898598968,224 Elizabeth Street,hedge maple
14495878,40.712827218037276,-73.99737854944324,9 Henry Street,Kentucky coffeetree
14495891,40.71934790005774,-73.98208697580662,219 Stanton Street,elm
14500041,40.7115132459675,-73.98610016596169,327 Cherry Street,common hackberry
14500058,40.72611132027852,-73.98337085514176,111 Avenue A,silver linden
14500060,40.72619774985397,-73.9833079033053,113 Avenue A,silver linden
15075334,40.74541887194911,-74.00226772668726,185 9 Avenue,ginkgo
15196818,40.7125790956156,-73.9917967867344,122 Henry Street,pin oak
15197094,40.71258504496756,-73.99169423896964,122 Henry Street,London planetree
15197095,40.71260171245644,-73.99154393964852,122 Henry Street,London planetree
15197096,40.71261123270464,-73.99141164603601,122 Henry Street,London planetree
15197098,40.713537737392485,-73.98755655560737,199 Henry Street,shingle oak
15197099,40.71364559833924,-73.98757611950887,199 Henry Street,shingle oak
15197100,40.71355400574453,-73.9873564123964,203 Henry Street,shingle oak
15197101,40.71355974938154,-73.98728575405347,205 Henry Street,shingle oak
15197138,40.71247525643082,-73.98082892166985,45 Jackson St,northern red oak
15197139,40.71235528925174,-73.98081564740224,45 Jackson St,northern red oak
15197145,40.71573277657849,-73.98696716110246,411 Grand St,Japanese zelkova
15216596,40.71996030879261,-73.98343734799883,188 Stanton Street,Shumard's oak
15216654,40.718557572831415,-73.9831903460881,106 Ridge St,Shumard's oak
15218033,40.71935319688682,-73.97676838924251,484 E Houston St,Unknown
15218038,40.72392673205323,-73.98608343902829,130 East 3 Street,bald cypress
15378280,40.71265686516154,-73.98067749894139,28 Jackson St,Unknown
15815166,40.74552959341519,-74.00318600276235,417 West&#x20; 21 Street,hedge maple
15838129,40.71262789559207,-73.99120576739446,122 Henry Street,pin oak
15893756,40.74668610374698,-74.00476165498505,188 10 Avenue,American elm
15936570,40.72433878440063,-73.98301655450882,529 E 5 St,American basswood
15957971,40.720540290025305,-73.98705570585426,150 Essex Street,Japanese zelkova
15971243,40.712642176476855,-73.99101476314736,122 Henry Street,pin oak
15979246,40.746328379593,-74.00482712978453,469 West 21 Street,elm
16153938,40.71754857253043,-73.98300936170142,53 Pitt Street,sawtooth oak
16293529,40.71380074236446,-73.98857349307379,179&#x20; Henry St,chestnut oak
16423220,40.7240259315152,-73.99356034422638,264 Elizabeth Street,cherry
16498098,40.724141116833884,-73.9866168659888,118 East 3 Street,Japanese zelkova
17042428,40.71997002355524,-73.98734993424095,116 Rivington St,Japanese zelkova
5029010,40.7441737383872,-74.00151004526225,337 West&#x20; 20 Street,thornless honeylocust
12776278,40.71669268684366,-73.98886908524759,357 Grand St,thornless honeylocust
14177513,40.716653623902396,-73.98874120508937,365 Grand Street&#x20;,Kentucky coffeetree
2110942,40.716634196558665,-73.98867759872903,,littleleaf linden
4642913,40.72139570416789,-73.9847831701501,,Japanese flowering cherry
4684626,40.72529330546471,-73.98189366187498,,Thornless honeylocust
4928383,40.71543802433506,-73.97960783237252,,London planetree
4999994,40.712370069208184,-73.97911794169099,,maidenhair tree
4999996,40.712386825202046,-73.97879461428691,,maidenhair tree
5000025,40.71407783958406,-73.98903856121578,,red maple
4634771,40.69182221822469,-73.9923928137978,,
4638836,40.69187641595444,-73.99259406443781,,
4641760,40.691808119790615,-73.99234046216662,,
4648564,40.69100825907357,-73.99432318534646,,
4655963,40.69350051518999,-73.99660357024658,,
4658753,40.745962071531245,-73.99987745618256,,
4661493,40.68602409778548,-73.99421306352603,,
4671883,40.68993562826956,-73.99066700348456,,
4673003,40.68716129499313,-73.99366467032266,,
4673591,40.68988174919802,-73.99050157737418,,
4674802,40.69178120292054,-73.99224051724894,,
4682074,40.69001704327592,-73.99091696818735,,
4684051,40.692589028042505,-73.99433032671722,,
4685891,40.689962839686416,-73.99075054558568,,
4692352,40.69189930418974,-73.9926790526373,,
4698175,40.69004414526597,-73.99100017696028,,
4699146,40.68990863414052,-73.99058412475732,,
2111037,40.71349372904355,-73.98930832795682,,Japanese pagoda tree
12158993,40.71334555342913,-73.98994017983554,,'Magyar' Ginkgo
14103651,40.714276740183045,-73.98963878644726,,Thornless honeylocust
14104538,40.71352938430924,-73.98895951354942,,red maple
15197097,40.713520558133176,-73.98908489244683,,'Greenspire' Littleleaf linden
17042424,40.71354158483847,-73.99008482315647,,'Princeton' American elm
2118798,40.72561237433329,-73.98417825522387,,maidenhair tree
2118799,40.72566827915144,-73.98431077449294,,maidenhair tree
2118800,40.72574148589502,-73.98448431114441,,maidenhair tree
2118801,40.72581469466377,-73.98465784892825,,goldenrain tree
5787214,40.72632820516988,-73.98587514637408,,'Redmond' American linden
10089536,40.72603943035467,-73.98515621044318,,littleleaf linden
14051563,40.72609353923259,-73.9855746069089,,'Sterling' Silver linden
14051564,40.72549754037529,-73.98416860522961,,'Sterling' Silver linden
2110105,40.7233866317643,-73.97917091450313,,Thornless honeylocust
6477336,40.72323209702033,-73.97936936201098,,pin oak
11142871,40.724409432949905,-73.98129480123865,,'Emerald Avenue' European hornbeam
11142872,40.72444788546362,-73.98138763202874,,'Emerald Avenue' European hornbeam
2111044,40.71364689689407,-73.98869056150481,,Japanese pagoda tree
2111062,40.71337688558352,-73.98865018290138,,Japanese pagoda tree
13516331,40.713140890727374,-73.98861287692476,,common hackberry
